insertId,labels.execution_id,logName,operation.first,operation.id,operation.last,operation.producer,protoPayload.authenticationInfo.principalEmail,protoPayload.authorizationInfo.granted,protoPayload.authorizationInfo.permission,protoPayload.authorizationInfo.resource,protoPayload.authorizationInfo.resourceAttributes,protoPayload.methodName,protoPayload.request.@type,protoPayload.request.function.availableMemoryMb,protoPayload.request.function.entryPoint,protoPayload.request.function.httpsTrigger,protoPayload.request.function.ingressSettings,"protoPayload.request.function.labels.""deployment-tool""",protoPayload.request.function.name,protoPayload.request.function.runtime,protoPayload.request.function.serviceAccountEmail,protoPayload.request.function.sourceUploadUrl,protoPayload.request.function.timeout,protoPayload.request.updateMask,protoPayload.requestMetadata.callerIp,protoPayload.requestMetadata.callerSuppliedUserAgent,protoPayload.requestMetadata.destinationAttributes,protoPayload.requestMetadata.requestAttributes.auth,protoPayload.requestMetadata.requestAttributes.time,protoPayload.resourceLocation.currentLocations,protoPayload.resourceName,protoPayload.serviceName,protoPayload.status,receiveTimestamp,resource.labels.function_name,resource.labels.project_id,resource.labels.region,resource.type,severity,textPayload,timestamp,trace
000000-8770017f-1acd-4aca-8db7-75f87ca60f76,x750bns6r38v,projects/cc-mapreduce/logs/cloudfunctions.googleapis.com%2Fcloud-functions,,,,,,,,,,,,,,,,,,,,,,,,,,,,,,,,2020-12-02T22:47:04.535046765Z,convert-sentence,cc-mapreduce,us-central1,cloud_function,DEBUG,"Function execution took 4337 ms, finished with status code: 200",2020-12-02T22:46:58.714447670Z,projects/cc-mapreduce/traces/d691040a844005746ff706b69a56c6f5
000000-b076b983-7daa-40cd-8d81-858132bdbcba,x750bns6r38v,projects/cc-mapreduce/logs/cloudfunctions.googleapis.com%2Fcloud-functions,,,,,,,,,,,,,,,,,,,,,,,,,,,,,,,,2020-12-02T22:47:04.535046765Z,convert-sentence,cc-mapreduce,us-central1,cloud_function,INFO,response from histogram iVBORw0KGgoAAAANSUhEUgAAAoAAAAHgCAYAAAA10dzkAAAAOXRFWHRTb2Z0d2FyZQBNYXRwbG90bGliIHZlcnNpb24zLjMuMywgaHR0cHM6Ly9tYXRwbG90bGliLm9yZy/Il7ecAAAACXBIWXMAAA9hAAAPYQGoP6dpAAA5nUlEQVR4nO3df1zV9f3//zugIKgHhgoHUkytVFLUzPDUdL6Viebbt761VsaSlm9957BWlPlhF2daK1q12WqmtXfT9p7O1pY1rfxZYiWaUSapY+osbHKgaYBYgMDz+0dvXt+OopnBORyet+vlci7xej6f5/V6vHgF3H2+fpwQY4wRAAAArBEa6AIAAADgXwRAAAAAyxAAAQAALEMABAAAsAwBEAAAwDIEQAAAAMsQAAEAACxDAAQAALAMARAAAMAyBEAAAADLEAABAAAsQwAEAACwDAEQAADAMgRAAAAAyxAAAQAALEMABAAAsAwBEAAAwDIEQAAAAMsQAAEAACxDAAQAALAMARAAAMAyBEAAAADLEAABAAAsQwAEAACwDAEQAADAMgRAAAAAyxAAAQAALEMABAAAsAwBEAAAwDIEQAAAAMsQAAEAACxDAAQAALAMARAAAMAyBEAAAADLEAABAAAsQwAEAACwDAEQAADAMgRAAAAAyxAAAQAALEMABAAAsAwBEAAAwDIEQAAAAMsQAAEAACxDAAQAALAMARAAAMAyBEAAAADLEAABAAAsQwAEAACwDAEQAADAMgRAAAAAyxAAAQAALEMABAAAsAwBEAAAwDIEQAAAAMsQAAEAACxDAAQAALBMu0AXEMwaGhp09OhRde7cWSEhIYEuBwAAnAdjjE6cOKHExESFhto5F0YA/BaOHj2qHj16BLoMAABwAY4cOaLu3bsHuoyAIAB+C507d5b05f9ALpcrwNUAAIDzUVlZqR49ejh/x21EAPwWGk/7ulwuAiAAAEHG5su37DzxDQAAYDECIAAAgGUIgAAAAJYhAAIAAFiGAAgAAGAZAiAAAIBlCIAAAACWIQACAABYhgAIAABgGQIgAACAZQiAAAAAliEAAgAAWIYACAAAYBkCIAAAgGXaBboANLOF0U20Vfi/DgAA0GoxAwgAAGAZAiAAAIBlCIAAAACWIQACAABYhgAIAABgGQIgAACAZQiAAAAAliEAAgAAWIYACAAAYBkCIAAAgGUIgAAAAJYhAAIAAFiGAAgAAGAZAiAAAIBlCIAAAACWIQACAABYhgAIAABgmTYRAB9++GGFhITozjvvdNqqq6uVlZWlLl26qFOnTpo6dapKS0t93ldcXKwJEyYoKipKcXFxmjt3rurq6vxcPQAAgH8FfQDctWuXnn76aaWkpPi033XXXVq7dq1eeOEF5eXl6ejRo5oyZYrTX19frwkTJqi2tlbbt2/Xc889pxUrVmjBggX+3gUAAAC/CuoAWFVVpYyMDP32t7/Vd77zHae9oqJCzz77rH71q19p9OjRGjp0qJYvX67t27drx44dkqSNGzdq3759+sMf/qDBgwdr/PjxeuCBB7RkyRLV1tYGapcAAABaXFAHwKysLE2YMEFpaWk+7QUFBTp16pRPe79+/ZSUlKT8/HxJUn5+vgYOHKj4+HhnTHp6uiorK7V3794mt1dTU6PKykqfFwAAQLBpF+gCLtTq1av13nvvadeuXWf0eb1ehYeHKyYmxqc9Pj5eXq/XGfPV8NfY39jXlNzcXC1atKgZqgcAAAicoJwBPHLkiH7yk59o5cqV6tChg9+2m5OTo4qKCud15MgRv20bAACguQRlACwoKFBZWZmuuOIKtWvXTu3atVNeXp6eeOIJtWvXTvHx8aqtrVV5ebnP+0pLS+V2uyVJbrf7jLuCG5cbx5wuIiJCLpfL5wUAABBsgjIAjhkzRoWFhdq9e7fzuvLKK5WRkeF83b59e23ZssV5T1FRkYqLi+XxeCRJHo9HhYWFKisrc8Zs2rRJLpdLycnJft8nAAAAfwnKawA7d+6sAQMG+LR17NhRXbp0cdpnzJih7OxsxcbGyuVy6fbbb5fH49Hw4cMlSWPHjlVycrJuvvlmPfLII/J6vZo/f76ysrIUERHh930CAADwl6AMgOdj8eLFCg0N1dSpU1VTU6P09HQ99dRTTn9YWJjWrVun2bNny+PxqGPHjsrMzNT9998fwKoBAABaXogxxgS6iGBVWVmp6OhoVVRUtJ7rARdGN9FW4f86AABopVrl328/C8prAAEAAHDhCIAAAACWIQACAABYhgAIAABgGQIgAACAZQiAAAAAliEAAgAAWIYACAAAYBkCIAAAgGUIgAAAAJYhAAIAAFiGAAgAAGAZAiAAAIBlCIAAAACWIQACAABYhgAIAABgGQIgAACAZQiAAAAAliEAAgAAWIYACAAAYBkCIAAAgGUIgAAAAJYhAAIAAFiGAAgAAGAZAiAAAIBlCIAAAACWIQACAABYhgAIAABgGQIgAACAZQiAAAAAlgnKALh06VKlpKTI5XLJ5XLJ4/Hotddec/pHjRqlkJAQn9dtt93ms47i4mJNmDBBUVFRiouL09y5c1VXV+fvXQEAAPC7doEu4EJ0795dDz/8sC699FIZY/Tcc89p0qRJev/993X55ZdLkmbOnKn777/feU9UVJTzdX19vSZMmCC3263t27erpKRE06dPV/v27fXQQw/5fX8AAAD8KSgD4MSJE32WH3zwQS1dulQ7duxwAmBUVJTcbneT79+4caP27dunzZs3Kz4+XoMHD9YDDzygefPmaeHChQoPD2/xfQAAAAiUoDwF/FX19fVavXq1Tp48KY/H47SvXLlSXbt21YABA5STk6PPP//c6cvPz9fAgQMVHx/vtKWnp6uyslJ79+71a/0AAAD+FpQzgJJUWFgoj8ej6upqderUSWvWrFFycrIk6aabblLPnj2VmJioPXv2aN68eSoqKtKLL74oSfJ6vT7hT5Kz7PV6z7rNmpoa1dTUOMuVlZXNvVsAAAAtLmgDYN++fbV7925VVFToz3/+szIzM5WXl6fk5GTNmjXLGTdw4EAlJCRozJgxOnTokPr06XPB28zNzdWiRYuao3wAAICACdoAGB4erksuuUSSNHToUO3atUu//vWv9fTTT58xNjU1VZJ08OBB9enTR263W++8847PmNLSUkk663WDkpSTk6Ps7GxnubKyUj169PjW+9IqLYxuoq3C/3UAAIBmF/TXADZqaGjwOT37Vbt375YkJSQkSJI8Ho8KCwtVVlbmjNm0aZNcLpdzGrkpERERzqNnGl8AAADBJihnAHNycjR+/HglJSXpxIkTWrVqlbZu3aoNGzbo0KFDWrVqla699lp16dJFe/bs0V133aWRI0cqJSVFkjR27FglJyfr5ptv1iOPPCKv16v58+crKytLERERAd47AACAlhWUAbCsrEzTp09XSUmJoqOjlZKSog0bNuj73/++jhw5os2bN+vxxx/XyZMn1aNHD02dOlXz58933h8WFqZ169Zp9uzZ8ng86tixozIzM32eGwgAANBWhRhjTKCLCFaVlZWKjo5WRUVF4E4HN3Wt3hljLuDaPa4BBAC0Ua3i73eAtZlrAAEAAHB+CIAAAACWIQACAABYhgAIAABgGQIgAACAZQiAAAAAliEAAgAAWIYACAAAYBkCIAAAgGUIgAAAAJYhAAIAAFiGAAgAAGAZAiAAAIBlCIAAAACWIQACAABYhgAIAABgGQIgAACAZQiAAAAAliEAAgAAWIYACAAAYBkCIAAAgGUIgAAAAJYhAAIAAFiGAAgAAGAZAiAAAIBlCIAAAACWIQACAABYhgAIAABgGQIgAACAZQiAAAAAlgnKALh06VKlpKTI5XLJ5XLJ4/Hotddec/qrq6uVlZWlLl26qFOnTpo6dapKS0t91lFcXKwJEyYoKipKcXFxmjt3rurq6vy9KwAAAH4XlAGwe/fuevjhh1VQUKB3331Xo0eP1qRJk7R3715J0l133aW1a9fqhRdeUF5eno4ePaopU6Y476+vr9eECRNUW1ur7du367nnntOKFSu0YMGCQO0SAACA34QYY0ygi2gOsbGxevTRR3XdddepW7duWrVqla677jpJ0t/+9jf1799f+fn5Gj58uF577TX9+7//u44ePar4+HhJ0rJlyzRv3jx9+umnCg8PP69tVlZWKjo6WhUVFXK5XC22b+e0MPo8xlQ0z3ovZD0AALQyreLvd4AF5QzgV9XX12v16tU6efKkPB6PCgoKdOrUKaWlpTlj+vXrp6SkJOXn50uS8vPzNXDgQCf8SVJ6eroqKyudWUQAAIC2ql2gC7hQhYWF8ng8qq6uVqdOnbRmzRolJydr9+7dCg8PV0xMjM/4+Ph4eb1eSZLX6/UJf439jX1nU1NTo5qaGme5srKymfYGAADAf4J2BrBv377avXu3du7cqdmzZyszM1P79u1r0W3m5uYqOjraefXo0aNFtwcAANASgjYAhoeH65JLLtHQoUOVm5urQYMG6de//rXcbrdqa2tVXl7uM760tFRut1uS5Ha7z7gruHG5cUxTcnJyVFFR4byOHDnSvDsFAADgB0EbAE/X0NCgmpoaDR06VO3bt9eWLVucvqKiIhUXF8vj8UiSPB6PCgsLVVZW5ozZtGmTXC6XkpOTz7qNiIgI59EzjS8AAIBgE5TXAObk5Gj8+PFKSkrSiRMntGrVKm3dulUbNmxQdHS0ZsyYoezsbMXGxsrlcun222+Xx+PR8OHDJUljx45VcnKybr75Zj3yyCPyer2aP3++srKyFBEREeC9AwAAaFlBGQDLyso0ffp0lZSUKDo6WikpKdqwYYO+//3vS5IWL16s0NBQTZ06VTU1NUpPT9dTTz3lvD8sLEzr1q3T7Nmz5fF41LFjR2VmZur+++8P1C4BAAD4TZt5DmAgtIrnCPEcQAAAvpFW8fc7wNrMNYAAAAA4PwRAAAAAyxAA,2020-12-02T22:46:58.713Z,projects/cc-mapreduce/traces/d691040a844005746ff706b69a56c6f5
000000-3c322012-d076-4147-8909-54ef355d5ed7,x750bns6r38v,projects/cc-mapreduce/logs/cloudfunctions.googleapis.com%2Fcloud-functions,,,,,,,,,,,,,,,,,,,,,,,,,,,,,,,,2020-12-02T22:47:04.535046765Z,convert-sentence,cc-mapreduce,us-central1,cloud_function,INFO,sentences tokenized,2020-12-02T22:46:54.799Z,projects/cc-mapreduce/traces/d691040a844005746ff706b69a56c6f5
000003-3c322012-d076-4147-8909-54ef355d5ed7,x750bns6r38v,projects/cc-mapreduce/logs/cloudfunctions.googleapis.com%2Fcloud-functions,,,,,,,,,,,,,,,,,,,,,,,,,,,,,,,,2020-12-02T22:47:04.535046765Z,convert-sentence,cc-mapreduce,us-central1,cloud_function,INFO,after dwnloading punkt,2020-12-02T22:46:54.537Z,projects/cc-mapreduce/traces/d691040a844005746ff706b69a56c6f5
000002-3c322012-d076-4147-8909-54ef355d5ed7,x750bns6r38v,projects/cc-mapreduce/logs/cloudfunctions.googleapis.com%2Fcloud-functions,,,,,,,,,,,,,,,,,,,,,,,,,,,,,,,,2020-12-02T22:47:04.535046765Z,convert-sentence,cc-mapreduce,us-central1,cloud_function,ERROR,[nltk_data]   Package punkt is already up-to-date!,2020-12-02T22:46:54.537Z,projects/cc-mapreduce/traces/d691040a844005746ff706b69a56c6f5
000001-3c322012-d076-4147-8909-54ef355d5ed7,x750bns6r38v,projects/cc-mapreduce/logs/cloudfunctions.googleapis.com%2Fcloud-functions,,,,,,,,,,,,,,,,,,,,,,,,,,,,,,,,2020-12-02T22:47:04.535046765Z,convert-sentence,cc-mapreduce,us-central1,cloud_function,ERROR,[nltk_data] Downloading package punkt to /tmp/nltk_data...,2020-12-02T22:46:54.537Z,projects/cc-mapreduce/traces/d691040a844005746ff706b69a56c6f5
000000-3c322012-d076-4147-8909-54ef355d5ed7,x750bns6r38v,projects/cc-mapreduce/logs/cloudfunctions.googleapis.com%2Fcloud-functions,,,,,,,,,,,,,,,,,,,,,,,,,,,,,,,,2020-12-02T22:47:04.535046765Z,convert-sentence,cc-mapreduce,us-central1,cloud_function,INFO,text preporcessed,2020-12-02T22:46:54.537Z,projects/cc-mapreduce/traces/d691040a844005746ff706b69a56c6f5
000000-46e73d9e-f452-43fb-a538-979181d967dd,x750bns6r38v,projects/cc-mapreduce/logs/cloudfunctions.googleapis.com%2Fcloud-functions,,,,,,,,,,,,,,,,,,,,,,,,,,,,,,,,2020-12-02T22:47:04.535046765Z,convert-sentence,cc-mapreduce,us-central1,cloud_function,INFO,inside sent word function,2020-12-02T22:46:54.382Z,projects/cc-mapreduce/traces/d691040a844005746ff706b69a56c6f5
000000-4b1be0db-cff5-4bbd-890d-83d8c7c9cf87,x750bns6r38v,projects/cc-mapreduce/logs/cloudfunctions.googleapis.com%2Fcloud-functions,,,,,,,,,,,,,,,,,,,,,,,,,,,,,,,,2020-12-02T22:47:04.535046765Z,convert-sentence,cc-mapreduce,us-central1,cloud_function,DEBUG,Function execution started,2020-12-02T22:46:54.378446934Z,projects/cc-mapreduce/traces/d691040a844005746ff706b69a56c6f5
000000-fa6b1437-f666-4ceb-b9fe-a8dfcc005f46,x7506g3n03z1,projects/cc-mapreduce/logs/cloudfunctions.googleapis.com%2Fcloud-functions,,,,,,,,,,,,,,,,,,,,,,,,,,,,,,,,2020-12-02T22:40:26.141806761Z,convert-sentence,cc-mapreduce,us-central1,cloud_function,DEBUG,"Function execution took 7 ms, finished with status code: 200",2020-12-02T22:40:15.459436409Z,projects/cc-mapreduce/traces/e7df2f9d8fac8c62c343cc030c35035a
000001-f4a0d1a8-182d-410a-ae95-1db5655dfe77,x7506g3n03z1,projects/cc-mapreduce/logs/cloudfunctions.googleapis.com%2Fcloud-functions,,,,,,,,,,,,,,,,,,,,,,,,,,,,,,,,2020-12-02T22:40:26.141806761Z,convert-sentence,cc-mapreduce,us-central1,cloud_function,INFO,using cache,2020-12-02T22:40:15.456Z,projects/cc-mapreduce/traces/e7df2f9d8fac8c62c343cc030c35035a
000000-1ed71e1c-0edb-4111-8536-87504d5f609e,x7506g3n03z1,projects/cc-mapreduce/logs/cloudfunctions.googleapis.com%2Fcloud-functions,,,,,,,,,,,,,,,,,,,,,,,,,,,,,,,,2020-12-02T22:40:26.141806761Z,convert-sentence,cc-mapreduce,us-central1,cloud_function,INFO,inside sent word function,2020-12-02T22:40:15.456Z,projects/cc-mapreduce/traces/e7df2f9d8fac8c62c343cc030c35035a
000000-a3915cc4-56e6-45a3-8217-ca6845f3d7e4,x7506g3n03z1,projects/cc-mapreduce/logs/cloudfunctions.googleapis.com%2Fcloud-functions,,,,,,,,,,,,,,,,,,,,,,,,,,,,,,,,2020-12-02T22:40:26.141806761Z,convert-sentence,cc-mapreduce,us-central1,cloud_function,DEBUG,Function execution started,2020-12-02T22:40:15.452870348Z,projects/cc-mapreduce/traces/e7df2f9d8fac8c62c343cc030c35035a
000000-f333a00b-e7db-4057-8aed-1ec24e4c5c86,x750rp38v82t,projects/cc-mapreduce/logs/cloudfunctions.googleapis.com%2Fcloud-functions,,,,,,,,,,,,,,,,,,,,,,,,,,,,,,,,2020-12-02T22:40:04.138236052Z,convert-sentence,cc-mapreduce,us-central1,cloud_function,DEBUG,"Function execution took 10838 ms, finished with status code: 200",2020-12-02T22:39:53.058422435Z,projects/cc-mapreduce/traces/6abeff2cecbcc3086a5031e5fa86c64c
000000-fbfea17b-cc9d-44b6-8e0c-715c681b3436,x750rp38v82t,projects/cc-mapreduce/logs/cloudfunctions.googleapis.com%2Fcloud-functions,,,,,,,,,,,,,,,,,,,,,,,,,,,,,,,,2020-12-02T22:40:04.138236052Z,convert-sentence,cc-mapreduce,us-central1,cloud_function,INFO,response from histogram iVBORw0KGgoAAAANSUhEUgAAAoAAAAHgCAYAAAA10dzkAAAAOXRFWHRTb2Z0d2FyZQBNYXRwbG90bGliIHZlcnNpb24zLjMuMywgaHR0cHM6Ly9tYXRwbG90bGliLm9yZy/Il7ecAAAACXBIWXMAAA9hAAAPYQGoP6dpAAAwiElEQVR4nO3deXRUZZ6H8W8lkA0ICNkxEEBladmRTGBQGzIE5CCMtjLASETEBhNBozYdW4KgElpk6RkRBAWcURtaW0SFYYsEFCIgEAWFCBgWJQmbEAiSQPLOHx6qu0xYhbpQ7/M5p86h7lL1q3uK8HCrKuUyxhgBAADAGn5ODwAAAADvIgABAAAsQwACAABYhgAEAACwDAEIAABgGQIQAADAMgQgAACAZQhAAAAAyxCAAAAAliEAAQAALEMAAgAAWIYABAAAsAwBCAAAYBkCEAAAwDIEIAAAgGUIQAAAAMsQgAAAAJYhAAEAACxDAAIAAFiGAAQAALAMAQgAAGAZAhAAAMAyBCAAAIBlCEAAAADLEIAAAACWIQABAAAsQwACAABYhgAEAACwDAEIAABgGQIQAADAMgQgAACAZQhAAAAAyxCAAAAAliEAAQAALEMAAgAAWIYABAAAsAwBCAAAYBkCEAAAwDIEIAAAgGUIQAAAAMsQgAAAAJYhAAEAACxDAAIAAFiGAAQAALAMAQgAAGAZAhAAAMAyBCAAAIBlCEAAAADLEIAAAACWIQABAAAsQwACAABYhgAEAACwDAEIAABgGQIQAADAMgQgAACAZQhAAAAAy1RzeoDrWUVFhfbv369atWrJ5XI5PQ4AALgIxhgdP35cMTEx8vOz81wYAfgr7N+/X7GxsU6PAQAALsO+fft04403Oj2GIwjAX6FWrVqSfn4ChYaGOjwNAAC4GMXFxYqNjXX/O24jAvBXOPuyb2hoKAEIAMB1xua3b9n5wjcAAIDFCEAAAADLEIAAAACWIQABAAAsQwACAABYhgAEAACwDAEIAABgGQIQAADAMgQgAACAZQhAAAAAy/hMAK5evVq9e/dWTEyMXC6XPvjggwvuk52drXbt2ikwMFA33XST5s6de9XnBAAAcJrPBGBJSYlat26tadOmXdT2+fn56tWrl377298qNzdXjz/+uB5++GEtXbr0Kk8KAADgrGpOD3Cl9OzZUz179rzo7WfMmKFGjRpp0qRJkqTmzZvrs88+05QpU5SUlHS1xgQAAHCcz5wBvFQ5OTlKTEz0WJaUlKScnJxz7lNaWqri4mKPCwAAwPXGZ84AXqrCwkJFRkZ6LIuMjFRxcbF++uknBQcHV9onMzNTY8eO9daIivvjIo/ruyf08tp9X4xfziddezM6ieMDAJfmWv93z5dYewbwcqSnp+vYsWPuy759+5weCQAA4JJZewYwKipKRUVFHsuKiooUGhpa5dk/SQoMDFRgYKA3xgMAALhqrD0DmJCQoKysLI9ly5cvV0JCgkMTAQAAeIfPBOCJEyeUm5ur3NxcST//mpfc3Fzt3btX0s8v3w4aNMi9/bBhw/Tdd9/pD3/4g7Zv365XX31Vf/vb3/TEE084MT4AAIDX+EwAfvHFF2rbtq3atm0rSUpLS1Pbtm2VkZEhSSooKHDHoCQ1atRIixYt0vLly9W6dWtNmjRJr7/+Or8CBgAA+DyfeQ/gnXfeKWPMOddX9S0fd955pzZv3nwVpwIAALj2+MwZQAAAAFwcAhAAAMAyBCAAAIBlCEAAAADLEIAAAACWIQABAAAsQwACAABYhgAEAACwDAEIAABgGQIQAADAMgQgAACAZQhAAAAAyxCAAAAAliEAAQAALEMAAgAAWIYABAAAsAwBCAAAYBkCEAAAwDIEIAAAgGUIQAAAAMsQgAAAAJYhAAEAACxDAAIAAFiGAAQAALAMAQgAAGAZAhAAAMAyBCAAAIBlCEAAAADLEIAAAACWIQABAAAsQwACAABYhgAEAACwDAEIAABgGQIQAADAMgQgAACAZQhAAAAAyxCAAAAAliEAAQAALEMAAgAAWIYABAAAsAwBCAAAYBkCEAAAwDIEIAAAgGUIQAAAAMsQgAAAAJYhAAEAACxDAAIAAFiGAAQAALAMAQgAAGAZAhAAAMAyBCAAAIBlCEAAAADLEIAAAACWIQABAAAsQwACAABYhgAEAACwDAEIAABgGQIQAADAMgQgAACAZXwqAKdNm6a4uDgFBQUpPj5e69evP+/2U6dOVdOmTRUcHKzY2Fg98cQTOnXqlJemBQAAcIbPBOD8+fOVlpamMWPGaNOmTWrdurWSkpJ04MCBKrd/55139Mc//lFjxozRtm3b9MYbb2j+/Pl65plnvDw5AACAd/lMAE6ePFlDhw7V4MGD1aJFC82YMUMhISGaPXt2lduvXbtWnTt31oABAxQXF6fu3burf//+FzxrCAAAcL3ziQAsKyvTxo0blZiY6F7m5+enxMRE5eTkVLlPp06dtHHjRnfwfffdd1q8eLHuuusur8wMAADglGpOD3AlHDp0SOXl5YqMjPRYHhkZqe3bt1e5z4ABA3To0CH967/+q4wxOnPmjIYNG3bel4BLS0tVWlrqvl5cXHxlHgAAAIAX+cQZwMuRnZ2t8ePH69VXX9WmTZv0/vvva9GiRXr++efPuU9mZqZq167tvsTGxnpxYgAAgCvDJ84AhoWFyd/fX0VFRR7Li4qKFBUVVeU+o0eP1gMPPKCHH35YktSyZUuVlJTokUce0Z/+9Cf5+VVu4/T0dKWlpbmvFxcXE4EAAOC64xNnAAMCAtS+fXtlZWW5l1VUVCgrK0sJCQlV7nPy5MlKkefv7y9JMsZUuU9gYKBCQ0M9LgAAANcbnzgDKElpaWlKTk5Whw4d1LFjR02dOlUlJSUaPHiwJGnQoEGqX7++MjMzJUm9e/fW5MmT1bZtW8XHx2vnzp0aPXq0evfu7Q5BAAAAX+QzAdivXz8dPHhQGRkZKiwsVJs2bbRkyRL3B0P27t3rccbv2Weflcvl0rPPPqsffvhB4eHh6t27t1588UWnHgIAAIBX+EwASlJqaqpSU1OrXJedne1xvVq1ahozZozGjBnjhckAAACuHT7xHkAAAABcPAIQAADAMgQgAACAZQhAAAAAyxCAAAAAliEAAQAALEMAAgAAWIYABAAAsAwBCAAAYBkCEAAAwDIEIAAAgGUIQAAAAMsQgAAAAJYhAAEAACxDAAIAAFiGAAQAALAMAQgAAGAZAhAAAMAyBCAAAIBlCEAAAADLEIAAAACWIQABAAAsQwACAABYhgAEAACwDAEIAABgGQIQAADAMgQgAACAZQhAAAAAyxCAAAAAliEAAQAALEMAAgAAWIYABAAAsAwBCAAAYBkCEAAAwDIEIAAAgGUIQAAAAMsQgAAAAJYhAAEAACxDAAIAAFiGAAQAALAMAQgAAGAZAhAAAMAyBCAAAIBlCEAAAADLEIAAAACWIQABAAAsQwACAABYhgAEAACwDAEIAABgGQIQAADAMgQgAACAZQhAAAAAyxCAAAAAliEAAQAALEMAAgAAWIYABAAAsAwBCAAAYBkCEAAAwDIEIAAAgGUIQAAAAMv4VABOmzZNcXFxCgoKUnx8vNavX3/e7Y8ePaqUlBRFR0crMDBQt9xyixYvXuylaQEAAJxRzekBrpT58+crLS1NM2bMUHx8vKZOnaqkpCTl5eUpIiKi0vZlZWX6t3/7N0VEROi9995T/fr1tWfPHtWpU8f7wwMAAHiRzwTg5MmTNXToUA0ePFiSNGPGDC1atEizZ8/WH//4x0rbz549W0eOHNHatWtVvXp1SVJcXJw3RwYAAHCET7wEXFZWpo0bNyoxMdG9zM/PT4mJicrJyalynw8//FAJCQlKSUlRZGSkbr31Vo0fP17l5eXnvJ/S0lIVFxd7XAAAAK43PhGAhw4dUnl5uSIjIz2WR0ZGqrCwsMp9vvvuO7333nsqLy/X4sWLNXr0aE2aNEkvvPDCOe8nMzNTtWvXdl9iY2Ov6OMAAADwBp8IwMtRUVGhiIgIzZw5U+3bt1e/fv30pz/9STNmzDjnPunp6Tp27Jj7sm/fPi9ODAAAcGX4xHsAw8LC5O/vr6KiIo/lRUVFioqKqnKf6OhoVa9eXf7+/u5lzZs3V2FhocrKyhQQEFBpn8DAQAUGBl7Z4QEAALzMJ84ABgQEqH379srKynIvq6ioUFZWlhISEqrcp3Pnztq5c6cqKircy7799ltFR0dXGX8AAAC+wicCUJLS0tI0a9Ysvfnmm9q2bZuGDx+ukpIS96eCBw0apPT0dPf2w4cP15EjRzRy5Eh9++23WrRokcaPH6+UlBSnHgIAAIBX+MRLwJLUr18/HTx4UBkZGSosLFSbNm20ZMkS9wdD9u7dKz+/f/RubGysli5dqieeeEKtWrVS/fr1NXLkSI0aNcqphwAAAOAVPhOAkpSamqrU1NQq12VnZ1dalpCQoM8///wqTwUAAHBt8ZmXgAEAAHBxCEAAAADLOBqAXbt21dGjRystLy4uVteuXb0/EAAAgAUcDcDs7GyVlZVVWn7q1Cl9+umnDkwEAADg+xz5EMhXX33l/vM333zj8XVt5eXlWrJkierXr+/EaAAAAD7PkQBs06aNXC6XXC5XlS/1BgcH67//+78dmAwAAMD3ORKA+fn5MsaocePGWr9+vcLDw93rAgICFBER4fEVbQAAALhyHAnAhg0bSpLH17ABAADAOxz/RdA7duzQypUrdeDAgUpBmJGR4dBUAAAAvsvRAJw1a5aGDx+usLAwRUVFyeVyude5XC4CEAAA4CpwNABfeOEFvfjii3z/LgAAgBc5+nsAf/zxR913331OjgAAAGAdRwPwvvvu07Jly5wcAQAAwDqOvgR80003afTo0fr888/VsmVLVa9e3WP9iBEjHJoMAADAdzkagDNnzlTNmjW1atUqrVq1ymOdy+UiAAEAAK4CRwMwPz/f,2020-12-02T22:39:53.054Z,projects/cc-mapreduce/traces/6abeff2cecbcc3086a5031e5fa86c64c
000000-b14f8d1d-67c0-4895-b0cb-b3206cd34dea,x750rp38v82t,projects/cc-mapreduce/logs/cloudfunctions.googleapis.com%2Fcloud-functions,,,,,,,,,,,,,,,,,,,,,,,,,,,,,,,,2020-12-02T22:39:53.342829616Z,convert-sentence,cc-mapreduce,us-central1,cloud_function,INFO,sentences tokenized,2020-12-02T22:39:42.344Z,projects/cc-mapreduce/traces/6abeff2cecbcc3086a5031e5fa86c64c
000003-b14f8d1d-67c0-4895-b0cb-b3206cd34dea,x750rp38v82t,projects/cc-mapreduce/logs/cloudfunctions.googleapis.com%2Fcloud-functions,,,,,,,,,,,,,,,,,,,,,,,,,,,,,,,,2020-12-02T22:39:53.342829616Z,convert-sentence,cc-mapreduce,us-central1,cloud_function,INFO,after dwnloading punkt,2020-12-02T22:39:42.341Z,projects/cc-mapreduce/traces/6abeff2cecbcc3086a5031e5fa86c64c
000002-b14f8d1d-67c0-4895-b0cb-b3206cd34dea,x750rp38v82t,projects/cc-mapreduce/logs/cloudfunctions.googleapis.com%2Fcloud-functions,,,,,,,,,,,,,,,,,,,,,,,,,,,,,,,,2020-12-02T22:39:53.342829616Z,convert-sentence,cc-mapreduce,us-central1,cloud_function,ERROR,[nltk_data]   Package punkt is already up-to-date!,2020-12-02T22:39:42.341Z,projects/cc-mapreduce/traces/6abeff2cecbcc3086a5031e5fa86c64c
000001-b14f8d1d-67c0-4895-b0cb-b3206cd34dea,x750rp38v82t,projects/cc-mapreduce/logs/cloudfunctions.googleapis.com%2Fcloud-functions,,,,,,,,,,,,,,,,,,,,,,,,,,,,,,,,2020-12-02T22:39:52.322844609Z,convert-sentence,cc-mapreduce,us-central1,cloud_function,ERROR,[nltk_data] Downloading package punkt to /tmp/nltk_data...,2020-12-02T22:39:42.341Z,projects/cc-mapreduce/traces/6abeff2cecbcc3086a5031e5fa86c64c
000000-b14f8d1d-67c0-4895-b0cb-b3206cd34dea,x750rp38v82t,projects/cc-mapreduce/logs/cloudfunctions.googleapis.com%2Fcloud-functions,,,,,,,,,,,,,,,,,,,,,,,,,,,,,,,,2020-12-02T22:39:52.322844609Z,convert-sentence,cc-mapreduce,us-central1,cloud_function,INFO,text preporcessed,2020-12-02T22:39:42.341Z,projects/cc-mapreduce/traces/6abeff2cecbcc3086a5031e5fa86c64c
000000-d8fb0cb1-417f-46e0-9013-c630f1a63f43,x750rp38v82t,projects/cc-mapreduce/logs/cloudfunctions.googleapis.com%2Fcloud-functions,,,,,,,,,,,,,,,,,,,,,,,,,,,,,,,,2020-12-02T22:39:52.322844609Z,convert-sentence,cc-mapreduce,us-central1,cloud_function,INFO,inside sent word function,2020-12-02T22:39:42.225Z,projects/cc-mapreduce/traces/6abeff2cecbcc3086a5031e5fa86c64c
000000-16c85c04-9c38-42ed-b21b-e557d8d5ce12,x750rp38v82t,projects/cc-mapreduce/logs/cloudfunctions.googleapis.com%2Fcloud-functions,,,,,,,,,,,,,,,,,,,,,,,,,,,,,,,,2020-12-02T22:39:52.322844609Z,convert-sentence,cc-mapreduce,us-central1,cloud_function,DEBUG,Function execution started,2020-12-02T22:39:42.221372011Z,projects/cc-mapreduce/traces/6abeff2cecbcc3086a5031e5fa86c64c
000000-7eec1c39-3f1d-46f7-aa12-43bcdb38a23f,x750fc0mb61p,projects/cc-mapreduce/logs/cloudfunctions.googleapis.com%2Fcloud-functions,,,,,,,,,,,,,,,,,,,,,,,,,,,,,,,,2020-12-02T22:37:43.457374856Z,convert-sentence,cc-mapreduce,us-central1,cloud_function,DEBUG,"Function execution took 11 ms, finished with status code: 200",2020-12-02T22:37:32.475236616Z,projects/cc-mapreduce/traces/63a5f9f1ea2da46999042d4886a03b79
000001-999a33bf-235e-4e65-bf9a-932f41f1e617,x750fc0mb61p,projects/cc-mapreduce/logs/cloudfunctions.googleapis.com%2Fcloud-functions,,,,,,,,,,,,,,,,,,,,,,,,,,,,,,,,2020-12-02T22:37:43.457374856Z,convert-sentence,cc-mapreduce,us-central1,cloud_function,INFO,inside sent word function,2020-12-02T22:37:32.473Z,projects/cc-mapreduce/traces/63a5f9f1ea2da46999042d4886a03b79
000000-43103efd-6f50-4aae-ba0c-0594ee07ac0b,x750fc0mb61p,projects/cc-mapreduce/logs/cloudfunctions.googleapis.com%2Fcloud-functions,,,,,,,,,,,,,,,,,,,,,,,,,,,,,,,,2020-12-02T22:37:43.457374856Z,convert-sentence,cc-mapreduce,us-central1,cloud_function,INFO,using cache,2020-12-02T22:37:32.473Z,projects/cc-mapreduce/traces/63a5f9f1ea2da46999042d4886a03b79
000000-9967e0b5-2f56-4f39-8099-06ce6c20554e,x750fc0mb61p,projects/cc-mapreduce/logs/cloudfunctions.googleapis.com%2Fcloud-functions,,,,,,,,,,,,,,,,,,,,,,,,,,,,,,,,2020-12-02T22:37:43.457374856Z,convert-sentence,cc-mapreduce,us-central1,cloud_function,DEBUG,Function execution started,2020-12-02T22:37:32.464833096Z,projects/cc-mapreduce/traces/63a5f9f1ea2da46999042d4886a03b79
000000-0d6ce4c1-6177-4bb0-b830-562ee8ebe116,x7500tnw6soz,projects/cc-mapreduce/logs/cloudfunctions.googleapis.com%2Fcloud-functions,,,,,,,,,,,,,,,,,,,,,,,,,,,,,,,,2020-12-02T22:36:38.221572802Z,convert-sentence,cc-mapreduce,us-central1,cloud_function,DEBUG,"Function execution took 5331 ms, finished with status code: 200",2020-12-02T22:36:33.149970621Z,projects/cc-mapreduce/traces/f8a384e84636cdc2fb65aae830b651d0
000000-fd897068-9d5b-4050-8624-70afd8ec206f,x7500tnw6soz,projects/cc-mapreduce/logs/cloudfunctions.googleapis.com%2Fcloud-functions,,,,,,,,,,,,,,,,,,,,,,,,,,,,,,,,2020-12-02T22:36:38.221572802Z,convert-sentence,cc-mapreduce,us-central1,cloud_function,INFO,response from histogram iVBORw0KGgoAAAANSUhEUgAAAoAAAAHgCAYAAAA10dzkAAAAOXRFWHRTb2Z0d2FyZQBNYXRwbG90bGliIHZlcnNpb24zLjMuMywgaHR0cHM6Ly9tYXRwbG90bGliLm9yZy/Il7ecAAAACXBIWXMAAA9hAAAPYQGoP6dpAAA480lEQVR4nO3df1zW9b3/8SegIKgXDBUuSDG1UklRM8OrpvMoE83j0aNrZSxpefTksFaUedjNGfaLVm22mmntNG1nuVpb1rTyZ4mVaEaZpI6po7DJBU0D1AIE3t8/+vq5dSkaGVwXF+/H/Xb73G583u/39fm8PnxCnr0/PwgxxhgBAADAGqGBLgAAAAD+RQAEAACwDAEQAADAMgRAAAAAyxAAAQAALEMABAAAsAwBEAAAwDIEQAAAAMsQAAEAACxDAAQAALAMARAAAMAyBEAAAADLEAABAAAsQwAEAACwDAEQAADAMgRAAAAAyxAAAQAALEMABAAAsAwBEAAAwDIEQAAAAMsQAAEAACxDAAQAALAMARAAAMAyBEAAAADLEAABAAAsQwAEAACwDAEQAADAMgRAAAAAyxAAAQAALEMABAAAsAwBEAAAwDIEQAAAAMsQAAEAACxDAAQAALAMARAAAMAyBEAAAADLEAABAAAsQwAEAACwDAEQAADAMgRAAAAAyxAAAQAALEMABAAAsAwBEAAAwDIEQAAAAMsQAAEAACxDAAQAALAMARAAAMAyBEAAAADLEAABAAAsQwAEAACwDAEQAADAMgRAAAAAyxAAAQAALEMABAAAsAwBEAAAwDIEQAAAAMt0CHQBwayxsVGHDx9W165dFRISEuhyAABAMxhjdOzYMSUmJio01M65MALgt3D48GH16tUr0GUAAIDzcOjQIfXs2TPQZQQEAfBb6Nq1q6Qv/wNyuVwBrgYAADRHdXW1evXq5fwetxEB8Fs4ddnX5XIRAAEACDI2375l54VvAAAAixEAAQAALEMABAAAsAwBEAAAwDIEQAAAAMsQAAEAACxDAAQAALAMARAAAMAyBEAAAADLEAABAAAsQwAEAACwDAEQAADAMgRAAAAAyxAAAQAALNMh0AWgheVGN9FW5f86AABAm8UMIAAAgGUIgAAAAJYhAAIAAFiGAAgAAGAZAiAAAIBlCIAAAACWIQACAABYhgAIAABgGQIgAACAZQiAAAAAliEAAgAAWIYACAAAYBkCIAAAgGUIgAAAAJYhAAIAAFiGAAgAAGAZAiAAAIBl2kUAfPDBBxUSEqLbbrvNaaupqVFWVpa6deumLl26aPr06SovL/f5XGlpqSZNmqSoqCjFxcVp/vz5qq+v93P1AAAA/hX0AXDnzp168sknlZKS4tN+++23a82aNXrhhReUn5+vw4cPa9q0aU5/Q0ODJk2apLq6Om3btk3PPPOMVq5cqUWLFvn7EAAAAPwqqAPg8ePHlZGRod/+9rf6zne+47RXVVXp6aef1q9+9SuNHTtWw4cP14oVK7Rt2zZt375dkrRhwwbt3btXf/jDHzR06FBNnDhR9957r5YuXaq6urpAHRIAAECrC+oAmJWVpUmTJiktLc2nvbCwUCdPnvRpHzBggJKSklRQUCBJKigo0ODBgxUfH++MSU9PV3V1tfbs2dPk/mpra1VdXe2zAAAABJsOgS7gfD333HN67733tHPnzjP6vF6vwsPDFRMT49MeHx8vr9frjPlq+DvVf6qvKXl5eVq8eHELVA8AABA4QTkDeOjQIf30pz/Vs88+q06dOvltvzk5OaqqqnKWQ4cO+W3fAAAALSUoA2BhYaEqKip02WWXqUOHDurQoYPy8/P12GOPqUOHDoqPj1ddXZ0qKyt9PldeXi632y1JcrvdZzwVfGr91JjTRUREyOVy+SwAAADBJigD4Lhx41RUVKRdu3Y5y+WXX66MjAzn644dO2rz5s3OZ4qLi1VaWiqPxyNJ8ng8KioqUkVFhTNm48aNcrlcSk5O9vsxAQAA+EtQ3gPYtWtXDRo0yKetc+fO6tatm9M+a9YsZWdnKzY2Vi6XS7fccos8Ho9GjhwpSRo/frySk5N1ww036KGHHpLX69XChQuVlZWliIgIvx8TAACAvwRlAGyOJUuWKDQ0VNOnT1dtba3S09P1xBNPOP1hYWFau3at5s6dK4/Ho86dOyszM1P33HNPAKsGAABofSHGGBPoIoJVdXW1oqOjVVVV1XbuB8yNbqKtyv91AADQRrXJ399+FpT3AAIAAOD8EQABAAAsQwAEAACwDAEQAADAMgRAAAAAyxAAAQAALEMABAAAsAwBEAAAwDIEQAAAAMsQAAEAACxDAAQAALAMARAAAMAyBEAAAADLEAABAAAsQwAEAACwDAEQAADAMgRAAAAAyxAAAQAALEMABAAAsAwBEAAAwDIEQAAAAMsQAAEAACxDAAQAALAMARAAAMAyBEAAAADLEAABAAAsQwAEAACwDAEQAADAMgRAAAAAyxAAAQAALBOUAXDZsmVKSUmRy+WSy+WSx+PRa6+95vSPGTNGISEhPsvNN9/ss43S0lJNmjRJUVFRiouL0/z581VfX+/vQwEAAPC7DoEu4Hz07NlTDz74oC6++GIZY/TMM89oypQpev/993XppZdKkmbPnq177rnH+UxUVJTzdUNDgyZNmiS3261t27aprKxMM2fOVMeOHfXAAw/4/XgAAAD8KSgD4OTJk33W77//fi1btkzbt293AmBUVJTcbneTn9+wYYP27t2rTZs2KT4+XkOHDtW9996rBQsWKDc3V+Hh4a1+DAAAAIESlJeAv6qhoUHPPfecTpw4IY/H47Q/++yz6t69uwYNGqScnBx9/vnnTl9BQYEGDx6s+Ph4py09PV3V1dXas2ePX+sHAADwt6CcAZSkoqIieTwe1dTUqEuXLlq9erWSk5MlSddff7169+6txMRE7d69WwsWLFBxcbFefPFFSZLX6/UJf5Kcda/Xe9Z91tbWqra21lmvrq5u6cMCAABodUEbAPv3769du3apqqpKf/7zn5WZman8/HwlJydrzpw5zrjBgwcrISFB48aN08GDB9WvX7/z3mdeXp4WL17cEuUDAAAETNAGwPDwcF100UWSpOHDh2vnzp369a9/rSeffPKMsampqZKkAwcOqF+/fnK73XrnnXd8xpSXl0vSWe8blKScnBxlZ2c769XV1erVq9e3PpY2KTe6ibYq/9cBAABaXNDfA3hKY2Ojz+XZr9q1a5ckKSEhQZLk8XhUVFSkiooKZ8zGjRvlcrmcy8hNiYiIcF49c2oBAAAINkE5A5iTk6OJEycqKSlJx44d06pVq7RlyxatX79eBw8e1KpVq3T11VerW7du2r17t26//XaNHj1aKSkpkqTx48crOTlZN9xwgx566CF5vV4tXLhQWVlZioiICPDRAQAAtK6gDIAVFRWaOXOmysrKFB0drZSUFK1fv17f//73dejQIW3atEmPPvqoTpw4oV69emn69OlauHCh8/mwsDCtXbtWc+fOlcfjUefOnZWZmenz3kAAAID2KsQYYwJdRLCqrq5WdHS0qqqqAnc5uKl79c4Ycx737nEPIACgnWoTv78DrN3cAwgAAIDmIQACAABYhgAIAABgGQIgAACAZQiAAAAAliEAAgAAWIYACAAAYBkCIAAAgGUIgAAAAJYhAAIAAFiGAAgAAGAZAiAAAIBlCIAAAACWIQACAABYhgAIAABgGQIgAACAZQiAAAAAliEAAgAAWIYACAAAYBkCIAAAgGUIgAAAAJYhAAIAAFiGAAgAAGAZAiAAAIBlCIAAAACWIQACAABYhgAIAABgGQIgAACAZQiAAAAAliEAAgAAWCYoA+CyZcuUkpIil8sll8slj8ej1157zemvqalRVlaWunXrpi5dumj69OkqLy/32UZpaakmTZqkqKgoxcXFaf78+aqvr/f3oQAAAPhdUAbAnj176sEHH1RhYaHeffddjR07VlOmTNGePXskSbfffrvWrFmjF154Qfn5+Tp8+LCmTZvmfL6hoUGTJk1SXV2dtm3bpmeeeUYrV67UokWLAnVIAAAAfhNijDGBLqIlxMbG6uGHH9YPfvAD9ejRQ6tWrdIPfvADSdLf/vY3DRw4UAUFBRo5cqRee+01/fu//7sOHz6s+Ph4SdLy5cu1YMECffrppwoPD2/WPqurqxUdHa2qqiq5XK5WO7Zzyo1uxpiqltnu+WwHAIA2pk38/g6woJwB/KqGhgY999xzOnHihDwejwoLC3Xy5EmlpaU5YwYMGKCkpCQVFBRIkgoKCjR48GAn/ElSenq6qqurnVlEAACA9qpDoAs4X0VFRfJ4PKqpqVGXLl20evVqJScna9euXQoPD1dMTIzP+Pj4eHm9XkmS1+v1CX+n+k/1nU1tba1qa2ud9erq6hY6GgAAAP8J2hnA/v37a9euXdqxY4fmzp2rzMxM7d27t1X3mZeXp+joaGfp1atXq+4PAACgNQRtAAwPD9dFF12k4cOHKy8vT0OGDNGvf/1rud1u1dXVqbKy0md8eXm53G63JMntdp/xVPCp9VNjmpKTk6OqqipnOXToUMseFAAAgB8EbQA8XWNjo2prazV8+HB17NhRmzdvdvqKi4tVWloqj8cjSfJ4PCoqKlJFRYUzZuPGjXK5XEpOTj7rPiIiIpxXz5xaAAAAgk1Q3gOYk5OjiRMnKikpSceOHdOqVau0ZcsWrV+/XtHR0Zo1a5ays7MVGxsrl8ulW265RR6PRyNHjpQkjR8/XsnJybrhhhv00EMPyev1auHChcrKylJERESAjw4AAKB1BWUArKio0MyZM1VWVqbo6GilpKRo/fr1+v73vy9JWrJkiUJDQzV9+nTV1tYqPT1dTzzxhPP5sLAwrV27VnPnzpXH41Hnzp2VmZmpe+65J1CHBAAA4Dft5j2AgdAm3iPEewABAPhG2sTv7wBrN/cAAgAAoHkIgAAAAJYh,2020-12-02T22:36:33.147Z,projects/cc-mapreduce/traces/f8a384e84636cdc2fb65aae830b651d0
000000-50c0cac6-5062-4223-a901-47a821e2937b,x7500tnw6soz,projects/cc-mapreduce/logs/cloudfunctions.googleapis.com%2Fcloud-functions,,,,,,,,,,,,,,,,,,,,,,,,,,,,,,,,2020-12-02T22:36:38.221572802Z,convert-sentence,cc-mapreduce,us-central1,cloud_function,INFO,sentences tokenized,2020-12-02T22:36:29.208Z,projects/cc-mapreduce/traces/f8a384e84636cdc2fb65aae830b651d0
000001-50c0cac6-5062-4223-a901-47a821e2937b,x7500tnw6soz,projects/cc-mapreduce/logs/cloudfunctions.googleapis.com%2Fcloud-functions,,,,,,,,,,,,,,,,,,,,,,,,,,,,,,,,2020-12-02T22:36:38.221572802Z,convert-sentence,cc-mapreduce,us-central1,cloud_function,INFO,after dwnloading punkt,2020-12-02T22:36:29.017Z,projects/cc-mapreduce/traces/f8a384e84636cdc2fb65aae830b651d0
000000-50c0cac6-5062-4223-a901-47a821e2937b,x7500tnw6soz,projects/cc-mapreduce/logs/cloudfunctions.googleapis.com%2Fcloud-functions,,,,,,,,,,,,,,,,,,,,,,,,,,,,,,,,2020-12-02T22:36:38.221572802Z,convert-sentence,cc-mapreduce,us-central1,cloud_function,ERROR,[nltk_data]   Package punkt is already up-to-date!,2020-12-02T22:36:29.017Z,projects/cc-mapreduce/traces/f8a384e84636cdc2fb65aae830b651d0
000000-2f4c98eb-a601-43f2-b48d-7734f559dcc3,x7500tnw6soz,projects/cc-mapreduce/logs/cloudfunctions.googleapis.com%2Fcloud-functions,,,,,,,,,,,,,,,,,,,,,,,,,,,,,,,,2020-12-02T22:36:38.221572802Z,convert-sentence,cc-mapreduce,us-central1,cloud_function,ERROR,[nltk_data] Downloading package punkt to /tmp/nltk_data...,2020-12-02T22:36:27.945Z,projects/cc-mapreduce/traces/f8a384e84636cdc2fb65aae830b651d0
000000-2f4c98eb-a601-43f2-b48d-7734f559dcc3,x7500tnw6soz,projects/cc-mapreduce/logs/cloudfunctions.googleapis.com%2Fcloud-functions,,,,,,,,,,,,,,,,,,,,,,,,,,,,,,,,2020-12-02T22:36:38.221572802Z,convert-sentence,cc-mapreduce,us-central1,cloud_function,INFO,text preporcessed,2020-12-02T22:36:27.944Z,projects/cc-mapreduce/traces/f8a384e84636cdc2fb65aae830b651d0
000000-98e98b0f-5ade-407a-acb8-57501091030a,x7500tnw6soz,projects/cc-mapreduce/logs/cloudfunctions.googleapis.com%2Fcloud-functions,,,,,,,,,,,,,,,,,,,,,,,,,,,,,,,,2020-12-02T22:36:38.221572802Z,convert-sentence,cc-mapreduce,us-central1,cloud_function,INFO,inside sent word function,2020-12-02T22:36:27.823Z,projects/cc-mapreduce/traces/f8a384e84636cdc2fb65aae830b651d0
000000-aeb07e52-0e46-4642-8912-9abd3edd0778,x7500tnw6soz,projects/cc-mapreduce/logs/cloudfunctions.googleapis.com%2Fcloud-functions,,,,,,,,,,,,,,,,,,,,,,,,,,,,,,,,2020-12-02T22:36:38.221572802Z,convert-sentence,cc-mapreduce,us-central1,cloud_function,DEBUG,Function execution started,2020-12-02T22:36:27.819551853Z,projects/cc-mapreduce/traces/f8a384e84636cdc2fb65aae830b651d0
000000-2200f946-229b-4b1a-9b04-a89f9db2d290,x7509t871kvu,projects/cc-mapreduce/logs/cloudfunctions.googleapis.com%2Fcloud-functions,,,,,,,,,,,,,,,,,,,,,,,,,,,,,,,,2020-12-02T22:34:55.588203073Z,convert-sentence,cc-mapreduce,us-central1,cloud_function,DEBUG,"Function execution took 6 ms, finished with status code: 200",2020-12-02T22:34:45.179030904Z,projects/cc-mapreduce/traces/d22822c5742ca34642651a374dca4586
000001-99298256-1d88-4b04-adfc-0fc5d0bf3799,x7509t871kvu,projects/cc-mapreduce/logs/cloudfunctions.googleapis.com%2Fcloud-functions,,,,,,,,,,,,,,,,,,,,,,,,,,,,,,,,2020-12-02T22:34:55.588203073Z,convert-sentence,cc-mapreduce,us-central1,cloud_function,INFO,using cache,2020-12-02T22:34:45.177Z,projects/cc-mapreduce/traces/d22822c5742ca34642651a374dca4586
000000-f8a9cca1-f108-4b15-b650-3b6c7dec60a2,x7509t871kvu,projects/cc-mapreduce/logs/cloudfunctions.googleapis.com%2Fcloud-functions,,,,,,,,,,,,,,,,,,,,,,,,,,,,,,,,2020-12-02T22:34:55.588203073Z,convert-sentence,cc-mapreduce,us-central1,cloud_function,INFO,inside sent word function,2020-12-02T22:34:45.177Z,projects/cc-mapreduce/traces/d22822c5742ca34642651a374dca4586
000000-d2d183c4-b0a6-4fc1-8b24-e51f8b6d74eb,x7509t871kvu,projects/cc-mapreduce/logs/cloudfunctions.googleapis.com%2Fcloud-functions,,,,,,,,,,,,,,,,,,,,,,,,,,,,,,,,2020-12-02T22:34:55.588203073Z,convert-sentence,cc-mapreduce,us-central1,cloud_function,DEBUG,Function execution started,2020-12-02T22:34:45.174028347Z,projects/cc-mapreduce/traces/d22822c5742ca34642651a374dca4586
000000-769a5e34-233c-40c5-922e-08fe435680ee,x750jnvvf5o9,projects/cc-mapreduce/logs/cloudfunctions.googleapis.com%2Fcloud-functions,,,,,,,,,,,,,,,,,,,,,,,,,,,,,,,,2020-12-02T22:33:13.088417479Z,convert-sentence,cc-mapreduce,us-central1,cloud_function,DEBUG,"Function execution took 10007 ms, finished with status code: 200",2020-12-02T22:33:02.526991101Z,projects/cc-mapreduce/traces/81d4a57b781a316140dfe29f76216db1
000000-1ba2c415-4b8b-4837-a56d-8634ca086463,x750jnvvf5o9,projects/cc-mapreduce/logs/cloudfunctions.googleapis.com%2Fcloud-functions,,,,,,,,,,,,,,,,,,,,,,,,,,,,,,,,2020-12-02T22:33:13.088417479Z,convert-sentence,cc-mapreduce,us-central1,cloud_function,INFO,response from histogram iVBORw0KGgoAAAANSUhEUgAAAoAAAAHgCAYAAAA10dzkAAAAOXRFWHRTb2Z0d2FyZQBNYXRwbG90bGliIHZlcnNpb24zLjMuMywgaHR0cHM6Ly9tYXRwbG90bGliLm9yZy/Il7ecAAAACXBIWXMAAA9hAAAPYQGoP6dpAAA4RElEQVR4nO3df1zV9f3//zugIKgHhgoHUkytVFLUzPDUdL6ViT/evvWta2UsafnWdw5tSplvdnGGtaJVm65mWns3be/lam6Z08qfBVaiGWWaOqbO0iYHmgb4I0Dg+fmjr6/vjmKZwTkcnrfr5fK6XHg9n8/zej1evELuPV8/CDHGGAEAAMAaoYEuAAAAAP5FAAQAALAMARAAAMAyBEAAAADLEAABAAAsQwAEAACwDAEQAADAMgRAAAAAyxAAAQAALEMABAAAsAwBEAAAwDIEQAAAAMsQAAEAACxDAAQAALAMARAAAMAyBEAAAADLEAABAAAsQwAEAACwDAEQAADAMgRAAAAAyxAAAQAALEMABAAAsAwBEAAAwDIEQAAAAMsQAAEAACxDAAQAALAMARAAAMAyBEAAAADLEAABAAAsQwAEAACwDAEQAADAMgRAAAAAyxAAAQAALEMABAAAsAwBEAAAwDIEQAAAAMsQAAEAACxDAAQAALAMARAAAMAyBEAAAADLEAABAAAsQwAEAACwDAEQAADAMgRAAAAAyxAAAQAALEMABAAAsAwBEAAAwDIEQAAAAMsQAAEAACxDAAQAALAMARAAAMAyBEAAAADLEAABAAAsQwAEAACwDAEQAADAMgRAAAAAy7QKdAHBrL6+XseOHVP79u0VEhIS6HIAAMAlMMbo5MmTSkxMVGionXNhBMBv4NixY+rSpUugywAAAJfh6NGj6ty5c6DLCAgC4DfQvn17SV/8B+RyuQJcDQAAuBSVlZXq0qWL83vcRgTAb+DcZV+Xy0UABAAgyNh8+5adF74BAAAsRgAEAACwDAEQAADAMgRAAAAAyxAAAQAALEMABAAAsAwBEAAAwDIEQAAAAMsQAAEAACxDAAQAALAMARAAAMAyBEAAAADLEAABAAAsQwAEAACwTKtAF4BGlhvdQFuF/+sAAADNFjOAAAAAliEAAgAAWIYACAAAYBkCIAAAgGUIgAAAAJYhAAIAAFiGAAgAAGAZAiAAAIBlCIAAAACWIQACAABYhgAIAABgGQIgAACAZQiAAAAAliEAAgAAWIYACAAAYBkCIAAAgGUIgAAAAJZpEQHwkUceUUhIiGbPnu20VVVVKSsrSx06dFC7du00adIklZaW+nzuyJEjGjt2rKKiohQXF6e5c+eqtrbWz9UDAAD4V9AHwJ07d+rpp59WSkqKT/ucOXO0du1arVq1SgUFBTp27JgmTpzo9NfV1Wns2LGqqanRtm3b9Nxzz2nFihVasGCBvw8BAADAr4I6AJ46dUoZGRn6zW9+o29961tOe0VFhZ599ln98pe/1PDhwzVw4EAtX75c27Zt0/bt2yVJGzdu1L59+/T73/9e/fv31+jRo/Xggw9qyZIlqqmpCdQhAQAANLmgDoBZWVkaO3as0tLSfNqLiop09uxZn/ZevXopKSlJhYWFkqTCwkL17dtX8fHxzpj09HRVVlZq7969De6vurpalZWVPgsAAECwaRXoAi7XCy+8oPfee087d+68oM/r9So8PFwxMTE+7fHx8fJ6vc6Yfw1/5/rP9TUkLy9PCxcubITqAQAAAicoZwCPHj2qH//4x3r++efVpk0bv+03JydHFRUVznL06FG/7RsAAKCxBGUALCoqUllZma677jq1atVKrVq1UkFBgZ544gm1atVK8fHxqqmpUXl5uc/nSktL5Xa7JUlut/uCp4LPrZ8bc76IiAi5XC6fBQAAINgEZQAcMWKE9uzZo127djnL9ddfr4yMDOfr1q1ba8uWLc5niouLdeTIEXk8HkmSx+PRnj17VFZW5ozZtGmTXC6XkpOT/X5MAAAA/hKU9wC2b99effr08Wlr27atOnTo4LRPnTpV2dnZio2Nlcvl0qxZs+TxeDR48GBJ0siRI5WcnKzbb79djz76qLxer+bPn6+srCxFRET4/ZgAAAD8JSgD4KVYtGiRQkNDNWnSJFVXVys9PV1PPfWU0x8WFqZ169ZpxowZ8ng8atu2rTIzM/XAAw8EsGoAAICmF2KMMYEuIlhVVlYqOjpaFRUVzed+wNzoBtoq/F8HAADNVLP8/e1nQXkPIAAAAC4fARAAAMAyBEAAAADLEAABAAAsQwAEAACwDAEQAADAMgRAAAAAyxAAAQAALEMABAAAsAwBEAAAwDIEQAAAAMsQAAEAACxDAAQAALAMARAAAMAyBEAAAADLEAABAAAsQwAEAACwDAEQAADAMgRAAAAAyxAAAQAALEMABAAAsAwBEAAAwDIEQAAAAMsQAAEAACxDAAQAALAMARAAAMAyBEAAAADLEAABAAAsQwAEAACwDAEQAADAMkEZAJcuXaqUlBS5XC65XC55PB699tprTv+wYcMUEhLis9x1110+2zhy5IjGjh2rqKgoxcXFae7cuaqtrfX3oQAAAPhdq0AXcDk6d+6sRx55RFdffbWMMXruuec0fvx4vf/++7r22mslSdOmTdMDDzzgfCYqKsr5uq6uTmPHjpXb7da2bdtUUlKiKVOmqHXr1nr44Yf9fjwAAAD+FJQBcNy4cT7rDz30kJYuXart27c7ATAqKkput7vBz2/cuFH79u3T5s2bFR8fr/79++vBBx/UvHnzlJubq/Dw8CY/BgAAgEAJykvA/6qurk4vvPCCTp8+LY/H47Q///zz6tixo/r06aOcnBydOXPG6SssLFTfvn0VHx/vtKWnp6uyslJ79+71a/0AAAD+FpQzgJK0Z88eeTweVVVVqV27dlq9erWSk5MlSbfddpu6du2qxMRE7d69W/PmzVNxcbFeeuklSZLX6/UJf5Kcda/Xe9F9VldXq7q62lmvrKxs7MMCAABockEbAHv27Kldu3apoqJCf/rTn5SZmamCggIlJydr+vTpzri+ffsqISFBI0aM0KFDh9SjR4/L3mdeXp4WLlzYGOUDAAAETNAGwPDwcF111VWSpIEDB2rnzp361a9+paeffvqCsampqZKkgwcPqkePHnK73XrnnXd8xpSWlkrSRe8blKScnBxlZ2c765WVlerSpcs3PpZmKTe6gbYK/9cBAAAaXdDfA3hOfX29z+XZf7Vr1y5JUkJCgiTJ4/Foz549Kisrc8Zs2rRJLpfLuYzckIiICOfVM+cWAACAYBOUM4A5OTkaPXq0kpKSdPLkSa1cuVL5+fnasGGDDh06pJUrV2rMmDHq0KGDdu/erTlz5mjo0KFKSUmRJI0cOVLJycm6/fbb9eijj8rr9Wr+/PnKyspSREREgI8OAACgaQVlACwrK9OUKVNUUlKi6OhopaSkaMOGDfrud7+ro0ePavPmzVq8eLFOnz6tLl26aNKkSZo/f77z+bCwMK1bt04zZsyQx+NR27ZtlZmZ6fPeQAAAgJYqxBhjAl1EsKqsrFR0dLQqKioCdzm4oXv1LhhzGffucQ8gAKCFaha/vwOsxdwDCAAAgEtDAAQAALAMARAAAMAyBEAAAADLEAABAAAsQwAEAACwDAEQAADAMgRAAAAAyxAAAQAALEMABAAAsAwBEAAAwDIEQAAAAMsQAAEAACxDAAQAALAMARAAAMAyBEAAAADLEAABAAAsQwAEAACwDAEQAADAMgRAAAAAyxAAAQAALEMABAAAsAwBEAAAwDIEQAAAAMsQAAEAACxDAAQAALAMARAAAMAyBEAAAADLEAABAAAsQwAEAACwTFAGwKVLlyolJUUul0sul0sej0evvfaa019VVaWsrCx16NBB7dq106RJk1RaWuqzjSNHjmjs2LGKiopSXFyc5s6dq9raWn8fCgAAgN8FZQDs3LmzHnnkERUVFendd9/V8OHDNX78eO3du1eSNGfOHK1du1arVq1SQUGBjh07pokTJzqfr6ur09ixY1VTU6Nt27bpueee04oVK7RgwYJAHRIAAIDfhBhjTKCLaAyxsbF67LHH9L3vfU+dOnXSypUr9b3vfU+S9Ne//lW9e/dWYWGhBg8erNdee03//u//rmPHjik+Pl6StGzZMs2bN0+ffvqpwsPDL2mflZWVio6OVkVFhVwuV5Md25fKjb6EMRWNs93L2Q4AAM1Ms/j9HWBBOQP4r+rq6vTCCy/o9OnT8ng8Kioq0tmzZ5WWluaM6dWrl5KSklRYWChJKiwsVN++fZ3wJ0np6emqrKx0ZhEBAABaqlaBLuBy7dmzRx6PR1VVVWrXrp1Wr16t5ORk7dq1S+Hh4YqJifEZHx8fL6/XK0nyer0+4e9c/7m+i6murlZ1dbWzXllZ2UhHAwAA4D9BOwPYs2dP7dq1Szt27NCMGTOUmZmpffv2Nek+8/LyFB0d7SxdunRp0v0BAAA0haANgOHh4brqqqs0cOBA5eXlqV+/fvrVr34lt9utmpoalZeX+4wvLS2V2+2WJLnd7gueCj63fm5MQ3JyclRRUeEsR48ebdyDAgAA8IOgDYDnq6+vV3V1tQYOHKjWrVtry5YtTl9xcbGOHDkij8cjSfJ4PNqzZ4/KysqcMZs2bZLL5VJycvJF9xEREeG8eubcAgAAEGyC8h7AnJwcjR49WklJSTp58qRWrlyp/Px8bdiwQdHR0Zo6daqys7MVGxsrl8ulWbNmyePxaPDgwZKkkSNHKjk5WbfffrseffRReb1ezZ8/X1lZWYqIiAjw0QEAADStoAyAZWVlmjJlikpKShQdHa2UlBRt2LBB3/3udyVJixYtUmhoqCZNmqTq6mqlp6frqaeecj4fFhamdevWacaMGfJ4PGrbtq0yMzP1wAMPBOqQAAAA/KbFvAcwEJrFe4R4DyAAAF9Ls/j9HWAt5h5AAAAAXBoCIAAA,2020-12-02T22:33:02.525Z,projects/cc-mapreduce/traces/81d4a57b781a316140dfe29f76216db1
000000-c1a322c4-f170-4b95-aca7-112dcd2ed155,x750jnvvf5o9,projects/cc-mapreduce/logs/cloudfunctions.googleapis.com%2Fcloud-functions,,,,,,,,,,,,,,,,,,,,,,,,,,,,,,,,2020-12-02T22:33:03.498764826Z,convert-sentence,cc-mapreduce,us-central1,cloud_function,INFO,sentences tokenized,2020-12-02T22:32:59.159Z,projects/cc-mapreduce/traces/81d4a57b781a316140dfe29f76216db1
000000-575fe309-7858-4f7a-98a5-dfe08832a10b,x750jnvvf5o9,projects/cc-mapreduce/logs/cloudfunctions.googleapis.com%2Fcloud-functions,,,,,,,,,,,,,,,,,,,,,,,,,,,,,,,,2020-12-02T22:33:03.498764826Z,convert-sentence,cc-mapreduce,us-central1,cloud_function,INFO,after dwnloading punkt,2020-12-02T22:32:58.595Z,projects/cc-mapreduce/traces/81d4a57b781a316140dfe29f76216db1
000000-98c3188b-57c8-4b0a-8507-c02ba4eedd63,x750jnvvf5o9,projects/cc-mapreduce/logs/cloudfunctions.googleapis.com%2Fcloud-functions,,,,,,,,,,,,,,,,,,,,,,,,,,,,,,,,2020-12-02T22:33:03.498764826Z,convert-sentence,cc-mapreduce,us-central1,cloud_function,ERROR,[nltk_data]   Unzipping tokenizers/punkt.zip.,2020-12-02T22:32:57.279Z,projects/cc-mapreduce/traces/81d4a57b781a316140dfe29f76216db1
000000-630d71d3-e690-479f-98b9-5d90cf8c6c01,x750jnvvf5o9,projects/cc-mapreduce/logs/cloudfunctions.googleapis.com%2Fcloud-functions,,,,,,,,,,,,,,,,,,,,,,,,,,,,,,,,2020-12-02T22:33:03.498764826Z,convert-sentence,cc-mapreduce,us-central1,cloud_function,ERROR,[nltk_data] Downloading package punkt to /tmp/nltk_data...,2020-12-02T22:32:56.193Z,projects/cc-mapreduce/traces/81d4a57b781a316140dfe29f76216db1
000000-980c3a2c-6fce-4687-b9f3-27bee2e9886a,x750jnvvf5o9,projects/cc-mapreduce/logs/cloudfunctions.googleapis.com%2Fcloud-functions,,,,,,,,,,,,,,,,,,,,,,,,,,,,,,,,2020-12-02T22:33:03.498764826Z,convert-sentence,cc-mapreduce,us-central1,cloud_function,INFO,text preporcessed,2020-12-02T22:32:56.114Z,projects/cc-mapreduce/traces/81d4a57b781a316140dfe29f76216db1
000000-a935213b-68df-44b9-8317-d53d1556d123,x750jnvvf5o9,projects/cc-mapreduce/logs/cloudfunctions.googleapis.com%2Fcloud-functions,,,,,,,,,,,,,,,,,,,,,,,,,,,,,,,,2020-12-02T22:33:03.498764826Z,convert-sentence,cc-mapreduce,us-central1,cloud_function,INFO,inside sent word function,2020-12-02T22:32:54.846Z,projects/cc-mapreduce/traces/81d4a57b781a316140dfe29f76216db1
000000-ac1cddb0-7468-4342-8519-9b8aaf9edf63,x750jnvvf5o9,projects/cc-mapreduce/logs/cloudfunctions.googleapis.com%2Fcloud-functions,,,,,,,,,,,,,,,,,,,,,,,,,,,,,,,,2020-12-02T22:33:03.498764826Z,convert-sentence,cc-mapreduce,us-central1,cloud_function,DEBUG,Function execution started,2020-12-02T22:32:52.520318140Z,projects/cc-mapreduce/traces/81d4a57b781a316140dfe29f76216db1
000000-08b0a098-bb17-4e3b-b05b-0026afd16085,1uc7atp35y2r,projects/cc-mapreduce/logs/cloudfunctions.googleapis.com%2Fcloud-functions,,,,,,,,,,,,,,,,,,,,,,,,,,,,,,,,2020-12-02T22:31:37.669585344Z,convert-sentence,cc-mapreduce,us-central1,cloud_function,DEBUG,"Function execution took 19697 ms, finished with status code: 200",2020-12-02T22:31:36.280083292Z,projects/cc-mapreduce/traces/83c9d1924c860f40240ec76400232789
000000-06a97da3-5ca2-4844-bf7f-cb0e11a8bea9,1uc7atp35y2r,projects/cc-mapreduce/logs/cloudfunctions.googleapis.com%2Fcloud-functions,,,,,,,,,,,,,,,,,,,,,,,,,,,,,,,,2020-12-02T22:31:37.669585344Z,convert-sentence,cc-mapreduce,us-central1,cloud_function,INFO,response from histogram iVBORw0KGgoAAAANSUhEUgAAAoAAAAHgCAYAAAA10dzkAAAAOXRFWHRTb2Z0d2FyZQBNYXRwbG90bGliIHZlcnNpb24zLjMuMywgaHR0cHM6Ly9tYXRwbG90bGliLm9yZy/Il7ecAAAACXBIWXMAAA9hAAAPYQGoP6dpAAA4Z0lEQVR4nO3df1yV9d3H8TegIKgHQoUDKfij8keKmhmemq5bmWjc3jpdK2NJy1vvHNaSMmMPZ9ovXLXZama1u2m7l7O5ZU0tf5ZYiWaU+XNMnaZNDjQN8EeAwPf+o4fXY0fRzOAcDt/X8/G4Hg+u7/d7rutzcQW++14/CDHGGAEAAMAaoYEuAAAAAP5FAAQAALAMARAAAMAyBEAAAADLEAABAAAsQwAEAACwDAEQAADAMgRAAAAAyxAAAQAALEMABAAAsAwBEAAAwDIEQAAAAMsQAAEAACxDAAQAALAMARAAAMAyBEAAAADLEAABAAAsQwAEAACwDAEQAADAMgRAAAAAyxAAAQAALEMABAAAsAwBEAAAwDIEQAAAAMsQAAEAACxDAAQAALAMARAAAMAyBEAAAADLEAABAAAsQwAEAACwDAEQAADAMgRAAAAAyxAAAQAALEMABAAAsAwBEAAAwDIEQAAAAMsQAAEAACxDAAQAALAMARAAAMAyBEAAAADLEAABAAAsQwAEAACwDAEQAADAMgRAAAAAyxAAAQAALEMABAAAsAwBEAAAwDIEQAAAAMsQAAEAACxDAAQAALAMARAAAMAyBEAAAADLEAABAAAsQwAEAACwDAEQAADAMgRAAAAAy7QIdAHBrK6uTkeOHFHbtm0VEhIS6HIAAMBFMMbo+PHjSkxMVGionXNhBMBv4ciRI+rUqVOgywAAAJfg8OHD6tixY6DLCAgC4LfQtm1bSV/9B+RyuQJcDQAAuBgVFRXq1KmT8++4jQiA38KZy74ul4sACABAkLH59i07L3wDAABYjAAIAABgGQIgAACAZQiAAAAAliEAAgAAWIYACAAAYBkCIAAAgGUIgAAAAJYhAAIAAFiGAAgAAGAZAiAAAIBlCIAAAACWIQACAABYhgAIAABgmRaBLgANq/ODK89pOzg3IwCVAACApooZQAAAAMsQAAEAACxDAAQAALAMARAAAMAyBEAAAADLEAABAAAsQwAEAACwDAEQAADAMgRAAAAAyxAAAQAALEMABAAAsAwBEAAAwDIEQAAAAMsQAAEAACxDAAQAALAMARAAAMAyBEAAAADLNIsAOHfuXIWEhOjee+912iorK5Wdna127dqpTZs2GjdunEpKSnw+d+jQIWVkZCgqKkpxcXGaPn26ampq/Fw9AACAfwV9ANy6dateeOEFpaSk+LRPmzZNy5cv19KlS5Wfn68jR45o7NixTn9tba0yMjJUXV2tTZs26eWXX9aiRYs0a9Ysfx8CAACAXwV1ADxx4oQyMzP129/+VpdddpnTXl5erpdeekm/+tWvNHToUA0YMEALFy7Upk2btHnzZknSmjVrtHv3bv3hD39Qv379NHLkSD3yyCOaP3++qqurA3VIAAAAjS6oA2B2drYyMjKUlpbm015YWKjTp0/7tPfo0UNJSUkqKCiQJBUUFKhPnz6Kj493xqSnp6uiokK7du2qd39VVVWqqKjwWQAAAIJNi0AXcKmWLFmijz76SFu3bj2nz+v1Kjw8XDExMT7t8fHx8nq9zph/D39n+s/01ScvL09z5sxpgOoBAAACJyhnAA8fPqyf/vSneuWVV9SqVSu/7Tc3N1fl5eXOcvjwYb/tGwAAoKEEZQAsLCxUaWmprrnmGrVo0UItWrRQfn6+nnnmGbVo0ULx8fGqrq5WWVmZz+dKSkrkdrslSW63+5yngs+snxlztoiICLlcLp8FAAAg2ARlABw2bJh27Nihbdu2Ocu1116rzMxM5+uWLVtq/fr1zmeKiop06NAheTweSZLH49GOHTtUWlrqjFm7dq1cLpd69erl92MCAADwl6C8B7Bt27bq3bu3T1vr1q3Vrl07p33ixInKyclRbGysXC6X7r77bnk8Hg0aNEiSNHz4cPXq1Uu33367nnjiCXm9Xs2cOVPZ2dmKiIjw+zEBAAD4S1AGwIsxb948hYaGaty4caqqqlJ6erqee+45pz8sLEwrVqzQlClT5PF41Lp1a2VlZenhhx8OYNUAAACNL8QYYwJdRLCqqKhQdHS0ysvLm8z9gJ0fXHlO28G5GQGoBACApqkp/vvtb0F5DyAAAAAuHQEQAADAMgRAAAAAyxAAAQAALEMABAAAsAwBEAAAwDIEQAAAAMsQAAEAACxDAAQAALAMARAAAMAyBEAAAADLEAABAAAsQwAEAACwDAEQAADAMgRAAAAAyxAAAQAALEMABAAAsAwBEAAAwDIEQAAAAMsQAAEAACxDAAQAALAMARAAAMAyBEAAAADLEAABAAAsQwAEAACwDAEQAADAMgRAAAAAyxAAAQAALEMABAAAsAwBEAAAwDJBGQAXLFiglJQUuVwuuVwueTwevfXWW07/jTfeqJCQEJ/lrrvu8tnGoUOHlJGRoaioKMXFxWn69Omqqanx96EAAAD4XYtAF3ApOnbsqLlz5+rKK6+UMUYvv/yyRo8erY8//lhXX321JGnSpEl6+OGHnc9ERUU5X9fW1iojI0Nut1ubNm1ScXGxJkyYoJYtW+rxxx/3+/EAAAD4U1AGwFGjRvmsP/bYY1qwYIE2b97sBMCoqCi53e56P79mzRrt3r1b69atU3x8vPr166dHHnlEM2bM0OzZsxUeHt7oxwAAABAoQXkJ+N/V1tZqyZIlOnnypDwej9P+yiuvqH379urdu7dyc3N16tQpp6+goEB9+vRRfHy805aenq6Kigrt2rXLr/UDAAD4W1DOAErSjh075PF4VFlZqTZt2mjZsmXq1auXJOm2225TcnKyEhMTtX37ds2YMUNFRUV67bXXJEler9cn/Ely1r1e73n3WVVVpaqqKme9oqKioQ8LAACg0QVtAOzevbu2bdum8vJy/fnPf1ZWVpby8/PVq1cvTZ482RnXp08fJSQkaNiwYdq/f7+6det2yfvMy8vTnDlzGqJ8AACAgAnaABgeHq4rrrhCkjRgwABt3bpVv/71r/XCCy+cMzY1NVWStG/fPnXr1k1ut1sffPCBz5iSkhJJOu99g5KUm5urnJwcZ72iokKdOnX61sfSFHV+cOU5bQfnZgSgEgAA0NCC/h7AM+rq6nwuz/67bdu2SZISEhIkSR6PRzt27FBpaakzZu3atXK5XM5l5PpEREQ4r545swAAAASboJwBzM3N1ciRI5WUlKTjx49r8eLF2rBhg1avXq39+/dr8eLFuummm9SuXTtt375d06ZN05AhQ5SSkiJJGj58uHr16qXbb79dTzzxhLxer2bOnKns7GxFREQE+OgAAAAaV1AGwNLSUk2YMEHFxcWKjo5WSkqKVq9ere9973s6fPiw1q1bp6efflonT55Up06dNG7cOM2cOdP5fFhYmFasWKEpU6bI4/GodevWysrK8nlvIAAAQHMVlAHwpZdeOm9fp06dlJ+f/7XbSE5O1ptvvtmQZQVEfffqAQAAXEizuQcQAAAAF4cACAAAYBkCIAAAgGUIgAAAAJYhAAIAAFiGAAgAAGAZAiAAAIBlCIAAAACWIQACAABYhgAIAABgGQIgAACAZQiAAAAAliEAAgAAWIYACAAAYBkCIAAAgGUIgAAAAJYhAAIAAFiGAAgAAGAZAiAAAIBlCIAAAACWIQACAABYhgAIAABgGQIgAACAZQiAAAAAliEAAgAAWIYACAAAYBkCIAAAgGUIgAAAAJYhAAIAAFiGAAgAAGCZoAyACxYsUEpKilwul1wulzwej9566y2nv7KyUtnZ2WrXrp3atGmjcePGqaSkxGcbhw4dUkZGhqKiohQXF6fp06erpqbG34cCAADgd0EZADt27Ki5c+eqsLBQH374oYYOHarRo0dr165dkqRp06Zp+fLlWrp0qfLz83XkyBGNHTvW+Xxtba0yMjJUXV2tTZs26eWXX9aiRYs0a9asQB0SAACA34QYY0ygi2gIsbGxevLJJ/WDH/xAHTp00OLFi/WDH/xAkvS3v/1NPXv2VEFBgQYNGqS33npL//mf/6kjR44oPj5ekvT8889rxowZ+vzzzxUeHn5R+6yoqFB0dLTKy8vlcrka7dgupPODK792zMG5GQ2y3UvZDgAATU1T+Pc70IJyBvDf1dbWasmSJTp58qQ8Ho8KCwt1+vRppaWlOWN69OihpKQkFRQUSJIKCgrUp08fJ/xJUnp6uioqKpxZRAAAgOaqRaALuFQ7duyQx+NRZWWl2rRpo2XLlqlXr17atm2bwsPDFRMT4zM+Pj5eXq9XkuT1en3C35n+M33nU1VVpaqqKme9oqKigY4GAADAf4J2BrB79+7atm2btmzZoilTpigrK0u7d+9u1H3m5eUpOjraWTp16tSo+wMAAGgMQRsAw8PDdcUVV2jAgAHKy8tT37599etf/1put1vV1dUqKyvzGV9SUiK32y1Jcrvd5zwVfGb9zJj65Obmqry83FkOHz7csAcFAADgB0EbAM9WV1enqqoqDRgwQC1bttT69eudvqKiIh06dEgej0eS5PF4tGPHDpWWljpj1q5dK5fLpV69ep13HxEREc6rZ84sAAAAwSYo7wHMzc3VyJEjlZSUpOPHj2vx4sXasGGDVq9erejoaE2cOFE5OTmKjY2Vy+XS3XffLY/Ho0GDBkmShg8frl69eun222/XE088Ia/Xq5kzZyo7O1sREREBPjoAAIDGFZQBsLS0VBMmTFBxcbGio6OVkpKi1atX63vf+54kad68eQoNDdW4ceNUVVWl9PR0Pffcc87nw8LCtGLFCk2ZMkUej0etW7dWVlaWHn744UAdEgAAgN80m/cABkJTeI8Q7wEEAOCbaQr/fgdas7kH,2020-12-02T22:31:36.277Z,projects/cc-mapreduce/traces/83c9d1924c860f40240ec76400232789
000000-a124eda7-2d2c-40f3-a763-17beb4c73ddb,1uc7atp35y2r,projects/cc-mapreduce/logs/cloudfunctions.googleapis.com%2Fcloud-functions,,,,,,,,,,,,,,,,,,,,,,,,,,,,,,,,2020-12-02T22:31:37.669585344Z,convert-sentence,cc-mapreduce,us-central1,cloud_function,INFO,sentences tokenized,2020-12-02T22:31:27.002Z,projects/cc-mapreduce/traces/83c9d1924c860f40240ec76400232789
000000-0d2a6747-495e-4de1-9cdb-98730dcafa8f,1uc7atp35y2r,projects/cc-mapreduce/logs/cloudfunctions.googleapis.com%2Fcloud-functions,,,,,,,,,,,,,,,,,,,,,,,,,,,,,,,,2020-12-02T22:31:27.136114868Z,convert-sentence,cc-mapreduce,us-central1,cloud_function,INFO,after dwnloading punkt,2020-12-02T22:31:25.190Z,projects/cc-mapreduce/traces/83c9d1924c860f40240ec76400232789
000000-523afba3-298d-4302-abcf-4988179173f5,1uc7atp35y2r,projects/cc-mapreduce/logs/cloudfunctions.googleapis.com%2Fcloud-functions,,,,,,,,,,,,,,,,,,,,,,,,,,,,,,,,2020-12-02T22:31:27.136114868Z,convert-sentence,cc-mapreduce,us-central1,cloud_function,ERROR,[nltk_data]   Unzipping tokenizers/punkt.zip.,2020-12-02T22:31:22.309Z,projects/cc-mapreduce/traces/83c9d1924c860f40240ec76400232789
000000-b3999c07-9dee-4d77-81af-915169590787,1uc7atp35y2r,projects/cc-mapreduce/logs/cloudfunctions.googleapis.com%2Fcloud-functions,,,,,,,,,,,,,,,,,,,,,,,,,,,,,,,,2020-12-02T22:31:27.136114868Z,convert-sentence,cc-mapreduce,us-central1,cloud_function,ERROR,[nltk_data] Downloading package punkt to /tmp/nltk_data...,2020-12-02T22:31:17.797Z,projects/cc-mapreduce/traces/83c9d1924c860f40240ec76400232789
000000-f5ded74a-e1f5-4d4c-b6e3-acd4e7fa0c8e,1uc7atp35y2r,projects/cc-mapreduce/logs/cloudfunctions.googleapis.com%2Fcloud-functions,,,,,,,,,,,,,,,,,,,,,,,,,,,,,,,,2020-12-02T22:31:27.136114868Z,convert-sentence,cc-mapreduce,us-central1,cloud_function,INFO,text preporcessed,2020-12-02T22:31:17.589Z,projects/cc-mapreduce/traces/83c9d1924c860f40240ec76400232789
000000-a8a0abe0-ce05-455b-9c70-d7f2d4455df7,1uc7atp35y2r,projects/cc-mapreduce/logs/cloudfunctions.googleapis.com%2Fcloud-functions,,,,,,,,,,,,,,,,,,,,,,,,,,,,,,,,2020-12-02T22:31:27.136114868Z,convert-sentence,cc-mapreduce,us-central1,cloud_function,INFO,inside sent word function,2020-12-02T22:31:16.598Z,projects/cc-mapreduce/traces/83c9d1924c860f40240ec76400232789
000000-e7addfd5-8167-4688-a1ba-c6923b0507b2,1uc7atp35y2r,projects/cc-mapreduce/logs/cloudfunctions.googleapis.com%2Fcloud-functions,,,,,,,,,,,,,,,,,,,,,,,,,,,,,,,,2020-12-02T22:31:27.136114868Z,convert-sentence,cc-mapreduce,us-central1,cloud_function,DEBUG,Function execution started,2020-12-02T22:31:16.583722776Z,projects/cc-mapreduce/traces/83c9d1924c860f40240ec76400232789
vwszq1d4ecm,,projects/cc-mapreduce/logs/cloudaudit.googleapis.com%2Factivity,,operations/Y2MtbWFwcmVkdWNlL3VzLWNlbnRyYWwxL2NvbnZlcnQtc2VudGVuY2UvcFNMWmRRSzdPak0,true,cloudfunctions.googleapis.com,nehasupe@iu.edu,,,,,google.cloud.functions.v1.CloudFunctionsService.UpdateFunction,,,,,,,,,,,,,,,,,,,projects/cc-mapreduce/locations/us-central1/functions/convert-sentence,cloudfunctions.googleapis.com,[object Object],2020-12-02T22:29:42.714834990Z,convert-sentence,cc-mapreduce,us-central1,cloud_function,NOTICE,,2020-12-02T22:29:42.332169Z,
1qfi3rge26rx9,,projects/cc-mapreduce/logs/cloudaudit.googleapis.com%2Factivity,true,operations/Y2MtbWFwcmVkdWNlL3VzLWNlbnRyYWwxL2NvbnZlcnQtc2VudGVuY2UvcFNMWmRRSzdPak0,,cloudfunctions.googleapis.com,nehasupe@iu.edu,true,cloudfunctions.functions.update,projects/cc-mapreduce/locations/us-central1/functions/convert-sentence,[object Object],google.cloud.functions.v1.CloudFunctionsService.UpdateFunction,type.googleapis.com/google.cloud.functions.v1.UpdateFunctionRequest,256,sent_word,[object Object],ALLOW_ALL,console-cloud,projects/cc-mapreduce/locations/us-central1/functions/convert-sentence,python37,cc-mapreduce@appspot.gserviceaccount.com,https://storage.googleapis.com/gcf-upload-us-central1-b04b275f-fac0-4cb1-b7be-9082d2a6ef8c/5073f1a8-0e4b-4cf0-977e-05d8e9716958.zip?GoogleAccessId=service-1085208249805@gcf-admin-robot.iam.gserviceaccount.com&Expires=1606949922&Signature=dz%2FerOTl2FbHLW2qFiGGv5JDtdHn0wxEPcupzcy%2FFFYyfw6KmrwtFbtuH9jf9K3RSN5T%2FIdT%2F8K%2Fh1peopCCCV2tt8mFsQDzJm4AbKg9teWzr4H%2F4npLL2gMhYWV2lyoP0qr68h6XiWU5zwNumethrk9jH95Y5kvoL%2Boxye7p4tEi6vMHxzkYNq1HcbVOVfKgQZOYyU8Yda%2BPIEYyizwHlBhNcr%2BM7%2BEmLz%2FoLDwpfjJBHR3B8NxjZnfcLZdvAIdRkRZdxLv2JjEcDCA%2BtOmKW1NEMgWXzoGhvTd5mX5u%2BwWZf%2F5VID3SWIuhtr4%2Bg1EVgXHNYzIwSOF3FOTOTevKQ%3D%3D,540s,"description,entryPoint,timeout,availableMemoryMb,labels,environmentVariables,buildEnvironmentVariables,runtime,httpsTrigger,maxInstances,ingressSettings,vpcConnector,serviceAccountEmail,sourceUploadUrl",192.140.222.122,"Mozilla/5.0 (Windows NT 10.0; Win64; x64) AppleWebKit/537.36 (KHTML, like Gecko) Chrome/87.0.4280.66 Safari/537.36,gzip(gfe)",[object Object],[object Object],2020-12-02T22:28:45.848538Z,us-central1,projects/cc-mapreduce/locations/us-central1/functions/convert-sentence,cloudfunctions.googleapis.com,,2020-12-02T22:28:46.094139272Z,convert-sentence,cc-mapreduce,us-central1,cloud_function,NOTICE,,2020-12-02T22:28:45.404447Z,
000000-4be195c3-2e06-44c9-ac68-ad9aeddbf455,dbrf9qz48wu4,projects/cc-mapreduce/logs/cloudfunctions.googleapis.com%2Fcloud-functions,,,,,,,,,,,,,,,,,,,,,,,,,,,,,,,,2020-12-02T22:19:49.567875596Z,convert-sentence,cc-mapreduce,us-central1,cloud_function,DEBUG,"Function execution took 6 ms, finished with status code: 200",2020-12-02T22:19:39.073728699Z,projects/cc-mapreduce/traces/07acf6433213b9c83bc2b4acedefa988
000001-2f1916b4-5cd8-4149-9c60-dbdcad25bd51,dbrf9qz48wu4,projects/cc-mapreduce/logs/cloudfunctions.googleapis.com%2Fcloud-functions,,,,,,,,,,,,,,,,,,,,,,,,,,,,,,,,2020-12-02T22:19:49.567875596Z,convert-sentence,cc-mapreduce,us-central1,cloud_function,INFO,using cache,2020-12-02T22:19:39.072Z,projects/cc-mapreduce/traces/07acf6433213b9c83bc2b4acedefa988
000000-95ec2374-a752-4827-bda5-cfccaefc7e73,dbrf9qz48wu4,projects/cc-mapreduce/logs/cloudfunctions.googleapis.com%2Fcloud-functions,,,,,,,,,,,,,,,,,,,,,,,,,,,,,,,,2020-12-02T22:19:49.567875596Z,convert-sentence,cc-mapreduce,us-central1,cloud_function,INFO,inside sent word function,2020-12-02T22:19:39.072Z,projects/cc-mapreduce/traces/07acf6433213b9c83bc2b4acedefa988
000000-7614e6cf-dcc8-472b-9695-e8e3933d36a0,dbrf9qz48wu4,projects/cc-mapreduce/logs/cloudfunctions.googleapis.com%2Fcloud-functions,,,,,,,,,,,,,,,,,,,,,,,,,,,,,,,,2020-12-02T22:19:49.567875596Z,convert-sentence,cc-mapreduce,us-central1,cloud_function,DEBUG,Function execution started,2020-12-02T22:19:39.067942265Z,projects/cc-mapreduce/traces/07acf6433213b9c83bc2b4acedefa988
000000-4533e57e-28a2-4391-9f83-f6eb6a58b096,dbrfel5ujlj5,projects/cc-mapreduce/logs/cloudfunctions.googleapis.com%2Fcloud-functions,,,,,,,,,,,,,,,,,,,,,,,,,,,,,,,,2020-12-02T22:17:45.854264028Z,convert-sentence,cc-mapreduce,us-central1,cloud_function,DEBUG,"Function execution took 15 ms, finished with status code: 200",2020-12-02T22:17:35.701973283Z,projects/cc-mapreduce/traces/275c3b861576313186ad7265024363ad
000001-260f2713-69d8-4d0c-bf72-336f33e8c23e,dbrfel5ujlj5,projects/cc-mapreduce/logs/cloudfunctions.googleapis.com%2Fcloud-functions,,,,,,,,,,,,,,,,,,,,,,,,,,,,,,,,2020-12-02T22:17:45.854264028Z,convert-sentence,cc-mapreduce,us-central1,cloud_function,INFO,using cache,2020-12-02T22:17:35.699Z,projects/cc-mapreduce/traces/275c3b861576313186ad7265024363ad
000000-88ac4bf3-0a53-4d45-939a-e8b81714fcca,dbrfel5ujlj5,projects/cc-mapreduce/logs/cloudfunctions.googleapis.com%2Fcloud-functions,,,,,,,,,,,,,,,,,,,,,,,,,,,,,,,,2020-12-02T22:17:45.854264028Z,convert-sentence,cc-mapreduce,us-central1,cloud_function,INFO,inside sent word function,2020-12-02T22:17:35.699Z,projects/cc-mapreduce/traces/275c3b861576313186ad7265024363ad
000000-32f1f25d-786a-431a-b7a1-1f1194139fb2,dbrfel5ujlj5,projects/cc-mapreduce/logs/cloudfunctions.googleapis.com%2Fcloud-functions,,,,,,,,,,,,,,,,,,,,,,,,,,,,,,,,2020-12-02T22:17:45.854264028Z,convert-sentence,cc-mapreduce,us-central1,cloud_function,DEBUG,Function execution started,2020-12-02T22:17:35.687446138Z,projects/cc-mapreduce/traces/275c3b861576313186ad7265024363ad
000000-dbd19941-ffac-45c1-a75c-6282d783dfc9,dbrffgc1sbcg,projects/cc-mapreduce/logs/cloudfunctions.googleapis.com%2Fcloud-functions,,,,,,,,,,,,,,,,,,,,,,,,,,,,,,,,2020-12-02T22:16:07.688329936Z,convert-sentence,cc-mapreduce,us-central1,cloud_function,DEBUG,"Function execution took 13593 ms, finished with status code: 200",2020-12-02T22:15:56.988109490Z,projects/cc-mapreduce/traces/ab500c5b7c4b1c2fe647ab376e1faf3a
000000-512dfb29-1418-4f20-9549-b37954e70e80,dbrffgc1sbcg,projects/cc-mapreduce/logs/cloudfunctions.googleapis.com%2Fcloud-functions,,,,,,,,,,,,,,,,,,,,,,,,,,,,,,,,2020-12-02T22:16:07.688329936Z,convert-sentence,cc-mapreduce,us-central1,cloud_function,INFO,iVBORw0KGgoAAAANSUhEUgAAAoAAAAHgCAYAAAA10dzkAAAAOXRFWHRTb2Z0d2FyZQBNYXRwbG90bGliIHZlcnNpb24zLjMuMywgaHR0cHM6Ly9tYXRwbG90bGliLm9yZy/Il7ecAAAACXBIWXMAAA9hAAAPYQGoP6dpAAAsxUlEQVR4nO3deXTU9b3/8dckgUlYAiaQTQiJVAGRJawXEEThiJFSkBa3iBG8WjGssQi5LWhUCLhUqnJAvFdob3GpVwGBVkAKAZGdIiAYQAOkSogLJAZkgMzn94c/5zgSEDEz32E+z8c5c47zXeb7nvmyPP3OTHAZY4wAAABgjQinBwAAAEBwEYAAAACWIQABAAAsQwACAABYhgAEAACwDAEIAABgGQIQAADAMgQgAACAZQhAAAAAyxCAAAAAliEAAQAALEMAAgAAWIYABAAAsAwBCAAAYBkCEAAAwDIEIAAAgGUIQAAAAMsQgAAAAJYhAAEAACxDAAIAAFiGAAQAALAMAQgAAGAZAhAAAMAyBCAAAIBlCEAAAADLEIAAAACWIQABAAAsQwACAABYhgAEAACwDAEIAABgGQIQAADAMgQgAACAZQhAAAAAyxCAAAAAliEAAQAALEMAAgAAWIYABAAAsAwBCAAAYBkCEAAAwDIEIAAAgGUIQAAAAMsQgAAAAJYhAAEAACxDAAIAAFiGAAQAALAMAQgAAGAZAhAAAMAyBCAAAIBlCEAAAADLEIAAAACWIQABAAAsQwACAABYhgAEAACwDAEIAABgGQIQAADAMgQgAACAZaKcHuBS5vV69dlnn6l+/fpyuVxOjwMAAC6AMUZff/21UlJSFBFh57UwAvBn+Oyzz9S0aVOnxwAAABehpKRETZo0cXoMRxCAP0P9+vUlffsLKDY21uFpAADAhaioqFDTpk19f4/biAD8Gb572zc2NpYABADgEmPzx7fsfOMbAADAYgQgAACAZQhAAAAAyxCAAAAAliEAAQAALEMAAgAAWIYABAAAsAwBCAAAYBkCEAAAwDIEIAAAgGUIQAAAAMsQgAAAAJYhAAEAACxDAAIAAFgmyukBgIuVNnGp3/0D0/o7NAkAAJcWrgACAABYhgAEAACwDAEIAABgGQIQAADAMgQgAACAZQhAAAAAyxCAAAAAliEAAQAALEMAAgAAWIYABAAAsAwBCAAAYBkCEAAAwDIEIAAAgGUIQAAAAMsQgAAAAJYJ2wBcs2aNBgwYoJSUFLlcLi1cuPCsbfbs2aNf/epXatCggerWravOnTvr0KFDwR8WAAAgiMI2AI8fP6527dpp5syZ1a7/+OOPde2116ply5ZavXq1duzYoUmTJik6OjrIkwIAAARXlNMDBEpmZqYyMzPPuf73v/+9br75Zj355JO+Zc2bNw/GaAAAAI4K2yuA5+P1erV06VJdddVV6tevnxISEtS1a9dq3yYGAAAIN1YGYFlZmSorKzVt2jTddNNNWr58uW655RYNHjxYhYWF59zP4/GooqLC7wYAAHCpCdu3gM/H6/VKkgYOHKhx48ZJktq3b6/3339fs2fP1nXXXVftfgUFBcrPzw/anAAAAIFg5RXARo0aKSoqSldffbXf8latWp33W8B5eXkqLy/33UpKSgI9KgAAQI2z8gpg7dq11blzZxUVFfkt37t3r5o1a3bO/dxut9xud6DHAwAACKiwDcDKykrt37/fd7+4uFjbt29XXFycUlNTNX78eN12223q1auXrr/+er3zzjtavHixVq9e7dzQAAAAQRC2AbhlyxZdf/31vvu5ubmSpOzsbM2bN0+33HKLZs+erYKCAo0ePVotWrTQm2++qWuvvdapkQEAAIIibAOwd+/eMsacd5vhw4dr+PDhQZoIAAAgNFj5JRAAAACbEYAAAACWIQABAAAsQwACAABYhgAEAACwDAEIAABgGQIQAADAMgQgAACAZQhAAAAAyxCAAAAAliEAAQAALEMAAgAAWIYABAAAsAwBCAAAYBkCEAAAwDJRTg+A4EubuPSsZQem9XdgEgAA4ASuAAIAAFiGAAQAALAMAQgAAGAZAhAAAMAyBCAAAIBlCEAAAADLEIAAAACWIQABAAAsQwACAABYhgAEAACwDAEIAABgGQIQAADAMgQgAACAZQhAAAAAyxCAAAAAlgnbAFyzZo0GDBiglJQUuVwuLVy48JzbPvDAA3K5XJoxY0bQ5gMAAHBK2Abg8ePH1a5dO82cOfO82y1YsEAbNmxQSkpKkCYDAABwVpTTAwRKZmamMjMzz7vNp59+qlGjRmnZsmXq379/kCYDAABwVtgG4I/xer0aOnSoxo8fr9atW1/QPh6PRx6Px3e/oqIiUOMBAAAEjLUBOH36dEVFRWn06NEXvE9BQYHy8/MDONXPlzZx6VnLDkwLzNXNYB4LAADUnLD9DOD5bN26VX/60580b948uVyuC94vLy9P5eXlvltJSUkApwQAAAgMKwNw7dq1KisrU2pqqqKiohQVFaWDBw/qoYceUlpa2jn3c7vdio2N9bsBAABcaqx8C3jo0KHq27ev37J+/fpp6NChGjZsmENTAQAABEfYBmBlZaX279/vu19cXKzt27crLi5Oqampio+P99u+Vq1aSkpKUosWLYI9KgAAQFCFbQBu2bJF119/ve9+bm6uJCk7O1vz5s1zaCoAAADnhW0A9u7dW8aYC97+wIEDgRsGAAAghFj5JRAAAACbEYAAAACWIQABAAAsQwACAABYhgAEAACwDAEIAABgGQIQAADAMgQgAACAZQhAAAAAyxCAAAAAliEAAQAALEMAAgAAWIYABAAAsAwBCAAAYJkopwdA4KVNXPqTtzkwrX+gxgEAAA7jCiAAAIBlCEAAAADLEIAAAACWIQABAAAsQwACAABYhgAEAACwDAEIAABgGQIQAADAMgQgAACAZQhAAAAAyxCAAAAAliEAAQAALEMAAgAAWIYABAAAsAwBCAAAYJmwDcA1a9ZowIABSklJkcvl0sKFC33rTp8+rQkTJqhNmzaqW7euUlJSdPfdd+uzzz5zbmAAAIAgCdsAPH78uNq1a6eZM2eete7EiRPatm2bJk2apG3btumtt95SUVGRfvWrXzkwKQAAQHBFOT1AoGRmZiozM7PadQ0aNNCKFSv8lr3wwgvq0qWLDh06pNTU1GCMCAAA4IiwvQL4U5WXl8vlcqlhw4ZOjwIAABBQYXsF8Kc4efKkJkyYoDvuuEOxsbHn3M7j8cjj8fjuV1RUBGM8AACAGmV9AJ4+fVq33nqrjDGaNWvWebctKChQfn5+kCYLPWkTlzp2rAPT+gft2AAAhDur3wL+Lv4OHjyoFStWnPfqnyTl5eWpvLzcdyspKQnSpAAAADXH2iuA38Xfvn37tGrVKsXHx//oPm63W263OwjTAQAABE7YBmBlZaX279/vu19cXKzt27crLi5OycnJ+s1vfqNt27ZpyZIlqqqqUmlpqSQpLi5OtWvXdmpsAACAgAvbANyyZYuuv/563/3c3FxJUnZ2th599FG9/fbbkqT27dv77bdq1Sr17t07WGMCAAAEXdgGYO/evWWMOef6860DAAAIZ1Z/CQQAAMBGBCAAAIBlCEAAAADLEIAAAACWIQABAAAsQwACAABYhgAEAACwDAEIAABgGQIQAADAMgQgAACAZQhAAAAAyxCAAAAAliEAAQAALEMAAgAAWIYABAAAsAwBCAAAYBkCEAAAwDIEIAAAgGUIQAAAAMsQgAAAAJYhAAEAACxDAAIAAFiGAAQAALAMAQgAAGAZAhAAAMAyBCAAAIBlCEAAAADLEIAAAACWIQABAAAsQwACAABYhgAEAACwTNgG4Jo1azRgwAClpKTI5XJp4cKFfuuNMZo8ebKSk5MVExOjvn37at++fc4MCwAAEERhG4DHjx9Xu3btNHPmzGrXP/nkk3ruuec0e/Zsbdy4UXXr1lW/fv108uTJIE8KAAAQXFFODxAomZmZyszMrHadMUYzZszQH/7wBw0cOFCS9Je//EWJiYlauHChbr/99mCOCgAAEFRhewXwfIqLi1VaWqq+ffv6ljVo0EBdu3bV+vXrz7mfx+NRRUWF3w0AAOBSE7ZXAM+ntLRUkpSYmOi3PDEx0beuOgUFBcrPzw/obD9V2sSlTo/ws4XDcwAA4FJi5RXAi5WXl6fy8nLfraSkxOmRAAAAfjIrAzApKUmSdOTIEb/lR44c8a2rjtvtVmxsrN8NAADgUmNlAKanpyspKUkrV670LauoqNDGjRvVrVs3BycDAAAIvLD9DGBlZaX279/vu19cXKzt27crLi5OqampGjt2rJ544gldeeWVSk9P16RJk5SSkqJBgwY5NzQAAEAQhNwVwBtuuEHHjh07a3lFRYVuuOGGC36cLVu2KCMjQxkZGZKk3NxcZWRkaPLkyZKkhx9+WKNGjdL999+vzp07q7KyUu+8846io6Nr5HkAAACEqpC7Arh69WqdOnXqrOUnT57U2rVrL/hxevfuLWPMOde7XC499thjeuyxxy5qTgAAgEtVyATgjh07fP+9e/duvx/HUlVVpXfeeUeXX365E6MBAACElZAJwPbt28vlcsnlclX7Vm9MTIyef/55ByYDAAAILyETgMXFxTLG6IorrtCmTZvUuHFj37ratWsrISFBkZGRDk4IAAAQHkImAJs1ayZJ8nq9Dk8CAAAQ3kImAL9v3759WrVqlcrKys4Kwu++xQsAAICLE3IB+NJLL2nEiBFq1KiRkpKS5HK5fOtcLhcBCAAA8DOFXAA+8cQTmjJliiZMmOD0KAAAAGEp5H4Q9NGjRzVkyBCnxwAAAAhbIReAQ4YM0fLly50eAwAAIGyF3FvAv/jFLzRp0iRt2LBBbdq0Ua1atfzWjx492qHJAAAAwkPIBeCcOXNUr149FRYWqrCw0G+dy+UiAAEAAH6mkAvA4uJip0cAAAAIayH3GUAAAAAEVshdARw+fPh517/88stBmgQAACA8,2020-12-02T22:15:56.986Z,projects/cc-mapreduce/traces/ab500c5b7c4b1c2fe647ab376e1faf3a
000000-58cd24cb-34a8-4c76-960b-e07628f8aee1,dbrffgc1sbcg,projects/cc-mapreduce/logs/cloudfunctions.googleapis.com%2Fcloud-functions,,,,,,,,,,,,,,,,,,,,,,,,,,,,,,,,2020-12-02T22:15:53.626995834Z,convert-sentence,cc-mapreduce,us-central1,cloud_function,INFO,after tokenize,2020-12-02T22:15:48.241Z,projects/cc-mapreduce/traces/ab500c5b7c4b1c2fe647ab376e1faf3a
000000-58cd24cb-34a8-4c76-960b-e07628f8aee1,dbrffgc1sbcg,projects/cc-mapreduce/logs/cloudfunctions.googleapis.com%2Fcloud-functions,,,,,,,,,,,,,,,,,,,,,,,,,,,,,,,,2020-12-02T22:15:53.626995834Z,convert-sentence,cc-mapreduce,us-central1,cloud_function,INFO,after dwnload,2020-12-02T22:15:48.199Z,projects/cc-mapreduce/traces/ab500c5b7c4b1c2fe647ab376e1faf3a
000000-34646824-6fca-46df-9e97-6047ab879308,dbrffgc1sbcg,projects/cc-mapreduce/logs/cloudfunctions.googleapis.com%2Fcloud-functions,,,,,,,,,,,,,,,,,,,,,,,,,,,,,,,,2020-12-02T22:15:53.626995834Z,convert-sentence,cc-mapreduce,us-central1,cloud_function,ERROR,[nltk_data]   Unzipping tokenizers/punkt.zip.,2020-12-02T22:15:46.985Z,projects/cc-mapreduce/traces/ab500c5b7c4b1c2fe647ab376e1faf3a
000000-aeb90c4c-718c-4281-89eb-76f6be537110,dbrffgc1sbcg,projects/cc-mapreduce/logs/cloudfunctions.googleapis.com%2Fcloud-functions,,,,,,,,,,,,,,,,,,,,,,,,,,,,,,,,2020-12-02T22:15:53.626995834Z,convert-sentence,cc-mapreduce,us-central1,cloud_function,ERROR,[nltk_data] Downloading package punkt to /tmp/nltk_data...,2020-12-02T22:15:46.184Z,projects/cc-mapreduce/traces/ab500c5b7c4b1c2fe647ab376e1faf3a
000000-aeb90c4c-718c-4281-89eb-76f6be537110,dbrffgc1sbcg,projects/cc-mapreduce/logs/cloudfunctions.googleapis.com%2Fcloud-functions,,,,,,,,,,,,,,,,,,,,,,,,,,,,,,,,2020-12-02T22:15:53.626995834Z,convert-sentence,cc-mapreduce,us-central1,cloud_function,INFO,before tokenize,2020-12-02T22:15:45.949Z,projects/cc-mapreduce/traces/ab500c5b7c4b1c2fe647ab376e1faf3a
000000-0257f2ad-c33a-4ed0-be8d-545cd9003a10,dbrffgc1sbcg,projects/cc-mapreduce/logs/cloudfunctions.googleapis.com%2Fcloud-functions,,,,,,,,,,,,,,,,,,,,,,,,,,,,,,,,2020-12-02T22:15:53.626995834Z,convert-sentence,cc-mapreduce,us-central1,cloud_function,INFO,inside sent word function,2020-12-02T22:15:45.741Z,projects/cc-mapreduce/traces/ab500c5b7c4b1c2fe647ab376e1faf3a
000000-105de77c-00d4-43e8-aca4-80fc3eb02c23,dbrffgc1sbcg,projects/cc-mapreduce/logs/cloudfunctions.googleapis.com%2Fcloud-functions,,,,,,,,,,,,,,,,,,,,,,,,,,,,,,,,2020-12-02T22:15:53.626995834Z,convert-sentence,cc-mapreduce,us-central1,cloud_function,DEBUG,Function execution started,2020-12-02T22:15:43.396162805Z,projects/cc-mapreduce/traces/ab500c5b7c4b1c2fe647ab376e1faf3a